Rank,Name,Price,One_hour_change,Twenty_four_hour_change,Seven_day_change,Market_cap,Hr_volume,Circulating_supply
,CoinMarketCap 20 Index DTFCMC20Buy,$186.35,0.03%,1.23%,7.78%,"$6.55M$6,551,853","$2,079,37811.16K",35.15K CMC20
1,BitcoinBTCBuy,"$89,317.99",0.33%,1.02%,6.80%,"$1.78T$1,784,516,791,860","$41,576,670,056466.06K",19.97M BTC
2,EthereumETHBuy,"$2,941.07",0.82%,0.45%,10.77%,"$354.97B$354,971,365,835","$26,884,586,9969.14M",120.69M ETH
3,TetherUSDTBuy,$0.9990,0.00%,0.01%,0.07%,"$186.73B$186,732,139,912","$92,214,620,96692.30B",186.91B USDT
4,BNBBNBBuy,$884.11,0.22%,1.49%,4.68%,"$120.56B$120,558,078,155","$2,065,852,0002.33M",136.36M BNB
5,XRPXRPBuy,$1.92,0.01%,1.25%,6.98%,"$116.89B$116,891,514,612","$3,176,423,4761.65B",60.78B XRP
6,USDCUSDCBuy,$0.9996,0.00%,0.00%,0.01%,"$73.75B$73,753,003,571","$16,684,082,09616.68B",73.77B USDC
7,SolanaSOLBuy,$127.83,0.33%,0.45%,9.60%,"$72.32B$72,315,299,105","$3,894,359,05330.46M",565.7M SOL
8,TRONTRXBuy,$0.3034,0.20%,1.97%,1.77%,"$28.74B$28,740,397,969","$644,597,0572.12B",94.71B TRX
9,DogecoinDOGEBuy,$0.1242,0.48%,0.78%,11.11%,"$20.93B$20,931,401,649","$1,065,296,6258.57B",168.42B DOGE
10,CardanoADABuy,$0.3595,0.43%,1.97%,8.17%,"$12.96B$12,956,279,300","$563,894,8371.56B",36.03B ADA
11,Bitcoin CashBCHBuy,$599.37,0.29%,3.72%,3.48%,"$11.98B$11,978,245,893","$353,967,461591.01K",19.98M BCH
12,MoneroXMRBuy,$513.71,1.53%,1.32%,28.46%,"$9.48B$9,476,385,777","$134,292,659261.41K",18.44M XMR
13,ChainlinkLINKBuy,$12.22,0.42%,1.27%,10.46%,"$8.65B$8,654,823,519","$421,592,26834.49M",708.09M LINK
14,UNUS SED LEOLEOBuy,$8.96,0.12%,1.97%,0.91%,"$8.27B$8,266,254,823","$1,085,606121.04K",921.69M LEO
15,StellarXLMBuy,$0.2119,0.56%,1.98%,6.21%,"$6.87B$6,872,209,658","$150,921,811711.91M",32.41B XLM
16,Ethena USDeUSDeBuy,$0.9992,0.02%,0.02%,0.06%,"$6.58B$6,582,096,426","$120,261,880120.34M",6.58B USDe
17,HyperliquidHYPEBuy,$21.26,1.74%,2.21%,13.60%,"$6.42B$6,424,507,014","$207,221,2499.74M",302.07M HYPE
18,ZcashZECBuy,$362.42,0.59%,1.18%,12.63%,"$5.98B$5,979,586,331","$468,509,1161.29M",16.49M ZEC
19,SuiSUIBuy,$1.49,0.38%,1.73%,15.26%,"$5.68B$5,683,032,445","$776,682,383518.26M",3.79B SUI
20,CantonCCBuy,$0.1458,1.76%,1.12%,9.71%,"$5.47B$5,469,464,667","$22,130,209151.73M",37.5B CC
21,DaiDAIBuy,$0.9996,0.00%,0.00%,0.01%,"$5.36B$5,363,670,329","$97,063,87597.09M",5.36B DAI
22,AvalancheAVAXBuy,$12.12,0.37%,0.13%,11.59%,"$5.23B$5,228,106,080","$301,418,53424.87M",431.22M AVAX
23,LitecoinLTCBuy,$67.98,0.51%,1.04%,5.69%,"$5.22B$5,219,238,841","$391,278,6855.75M",76.76M LTC
24,World Liberty FinancialWLFIBuy,$0.1734,1.30%,3.81%,3.39%,"$4.64B$4,637,677,516","$100,659,510579.95M",26.74B WLFI
25,Shiba InuSHIBBuy,$0.057843,0.35%,0.94%,5.92%,"$4.62B$4,621,461,418","$100,312,55312.78T",589.24T SHIB
26,HederaHBARBuy,$0.1079,0.82%,0.81%,8.60%,"$4.62B$4,618,985,950","$152,490,3781.41B",42.79B HBAR
27,PayPal USDPYUSDBuy,$0.9994,0.01%,0.04%,0.01%,"$3.74B$3,744,335,834","$141,913,478141.99M",3.74B PYUSD
28,ToncoinTONBuy,$1.53,0.82%,1.07%,10.38%,"$3.75B$3,746,385,326","$83,081,81853.98M",2.43B TON
29,CronosCROBuy,$0.09125,0.33%,0.42%,9.85%,"$3.63B$3,632,074,142","$14,447,050158.28M",39.8B CRO
30,PolkadotDOTBuy,$1.92,0.60%,0.79%,9.06%,"$3.19B$3,191,433,204","$109,219,52056.76M",1.65B DOT
31,World Liberty Financial USDUSD1Buy,$0.9986,0.02%,0.04%,0.05%,"$3.14B$3,135,918,653","$1,572,035,8261.57B",3.14B USD1
32,UniswapUNIBuy,$4.83,0.59%,0.54%,9.13%,"$3.07B$3,068,312,586","$165,891,46734.32M",634.96M UNI
33,MantleMNTBuy,$0.8788,0.08%,0.94%,8.40%,"$2.86B$2,858,990,105","$86,645,14998.58M",3.25B MNT
34,Bitget TokenBGBBuy,$3.64,0.16%,0.79%,1.64%,"$2.55B$2,547,217,050","$123,806,48233.96M",699.02M BGB
35,BittensorTAOBuy,$238.69,0.42%,2.47%,14.80%,"$2.53B$2,533,413,894","$142,143,693595.88K",10.61M TAO
36,AaveAAVEBuy,$156.88,0.76%,1.34%,7.90%,"$2.4B$2,402,996,611","$360,795,4702.29M",15.31M AAVE
37,OKBOKBBuy,$102.92,0.19%,0.42%,9.54%,"$2.16B$2,161,526,110","$16,850,675163.58K",21M OKB
38,Tether GoldXAUtBuy,"$4,921.62",0.27%,1.47%,6.72%,"$2.16B$2,163,779,710","$264,679,13753.82K",439.64K XAUt
39,MemeCoreMBuy,$1.64,0.19%,0.35%,2.21%,"$2.07B$2,069,681,801","$13,212,1408.00M",1.25B M
40,PepePEPEBuy,$0.054939,0.75%,1.38%,16.20%,"$2.04B$2,043,777,484","$512,450,049103.77T",413.77T PEPE
41,Internet ComputerICPBuy,$3.60,0.91%,0.98%,12.48%,"$1.98B$1,975,083,853","$109,498,83630.31M",547.39M ICP
42,PAX GoldPAXGBuy,"$4,935.94",0.27%,1.30%,6.58%,"$1.98B$1,975,030,785","$425,382,56886.25K",400.13K PAXG
43,NEAR ProtocolNEARBuy,$1.51,0.61%,0.85%,11.50%,"$1.95B$1,950,778,026","$146,468,39596.49M",1.28B NEAR
44,Ethereum ClassicETCBuy,$11.51,0.60%,0.17%,8.34%,"$1.79B$1,788,125,664","$71,119,0296.16M",155.22M ETC
45,OndoONDOBuy,$0.3398,1.11%,2.57%,10.06%,"$1.65B$1,654,614,735","$59,188,655173.58M",4.86B ONDO
46,Global DollarUSDGBuy,$0.9997,0.02%,0.01%,0.00%,"$1.62B$1,617,395,014","$22,245,32622.25M",1.61B USDG
47,AsterASTERBuy,$0.6066,0.99%,1.52%,14.37%,"$1.56B$1,561,400,691","$112,499,173185.12M",2.57B ASTER
48,PiPIBuy,$0.1837,0.67%,2.22%,9.47%,"$1.54B$1,540,165,333","$14,717,52180.07M",8.38B PI
49,SkySKYBuy,$0.06696,0.19%,4.71%,13.08%,"$1.54B$1,538,968,740","$38,711,796577.59M",22.98B SKY
50,KuCoin TokenKCSBuy,$10.66,0.24%,1.21%,6.19%,"$1.41B$1,410,068,867","$3,191,685298.97K",132.15M KCS
51,Polygon (prev. MATIC)POLBuy,$0.1326,0.08%,0.37%,11.97%,"$1.4B$1,401,392,052","$101,128,080762.55M",10.56B POL
52,MYX FinanceMYXBuy,$5.52,1.06%,7.64%,0.87%,"$1.39B$1,389,111,216","$16,441,3342.97M",251.47M MYX
53,EthenaENABuy,$0.1733,0.77%,0.08%,22.18%,"$1.38B$1,379,465,509","$144,191,774831.33M",7.95B ENA
54,Ripple USDRLUSDBuy,$0.9995,0.07%,0.04%,0.03%,"$1.34B$1,335,498,662","$256,246,020256.30M",1.33B RLUSD
55,WorldcoinWLDBuy,$0.4714,0.67%,0.51%,15.88%,"$1.3B$1,300,035,021","$75,578,075160.17M",2.75B WLD
56,AptosAPTBuy,$1.55,0.26%,1.60%,13.43%,"$1.19B$1,186,995,544","$102,827,96266.09M",764.46M APT
57,CosmosATOMBuy,$2.33,0.16%,0.24%,5.24%,"$1.14B$1,141,805,569","$51,754,27122.17M",489.14M ATOM
58,USDDUSDDBuy,$0.9992,0.00%,0.03%,0.05%,"$1.14B$1,137,040,698","$5,724,2105.73M",1.13B USDD
59,GateTokenGTBuy,$9.86,0.31%,0.91%,5.00%,"$1.14B$1,136,706,514","$3,701,485375.21K",115.18M GT
60,KaspaKASBuy,$0.04029,0.04%,0.06%,10.82%,"$1.09B$1,093,440,158","$20,395,508505.89M",27.13B KAS
61,RenderRENDERBuy,$2.01,0.11%,2.61%,8.49%,"$1.05B$1,046,250,130","$108,857,57053.99M",518.69M RENDER
62,AlgorandALGOBuy,$0.1178,0.21%,1.01%,7.93%,"$1.04B$1,043,982,800","$37,550,102318.85M",8.86B ALGO
63,ArbitrumARBBuy,$0.1771,0.97%,2.73%,14.22%,"$1.03B$1,032,307,077","$112,216,893632.37M",5.82B ARB
64,OFFICIAL TRUMPTRUMPBuy,$4.87,0.44%,0.50%,8.85%,"$974.2M$974,197,861","$185,674,23238.11M",199.99M TRUMP
65,QuantQNTBuy,$80.46,0.97%,3.84%,9.19%,"$971.43M$971,426,149","$21,919,965271.72K",12.07M QNT
66,FilecoinFILBuy,$1.30,1.22%,0.63%,11.35%,"$967.15M$967,151,873","$92,248,38770.41M",738.68M FIL
67,MidnightNIGHTBuy,$0.05667,0.85%,8.14%,8.22%,"$941.21M$941,212,708","$25,652,855451.41M",16.6B NIGHT
68,VeChainVETBuy,$0.01022,0.99%,0.34%,11.08%,"$878.95M$878,952,434","$21,991,4862.14B",85.98B VET
69,Pump.funPUMPBuy,$0.002489,1.31%,0.35%,9.84%,"$881.44M$881,439,911","$194,798,74678.30B",354B PUMP
70,FlareFLRBuy,$0.01034,0.73%,3.61%,7.33%,"$858.68M$858,681,180","$6,965,857671.53M",82.96B FLR
71,StoryIPBuy,$2.45,0.76%,6.72%,1.13%,"$857.75M$857,752,170","$212,536,93987.00M",348.98M IP
72,XDC NetworkXDCBuy,$0.04244,4.04%,7.31%,2.78%,"$810.06M$810,060,042","$28,914,357686.77M",19.08B XDC
73,DashDASHBuy,$63.40,1.70%,6.49%,20.01%,"$796.93M$796,932,694","$263,831,5454.15M",12.56M DASH
74,BonkBONKBuy,$0.059011,0.68%,1.40%,13.22%,"$792.99M$792,990,876","$93,288,07310.33T",87.99T BONK
75,SeiSEIBuy,$0.1071,0.78%,2.07%,10.62%,"$708.18M$708,182,276","$42,637,447397.61M",6.61B SEI
76,LayerZeroZROBuy,$1.98,1.42%,5.30%,24.13%,"$664M$663,996,005","$117,027,93458.29M",334.24M ZRO
77,United StablesUBuy,$0.9990,0.00%,0.01%,0.07%,"$664.26M$664,258,323","$36,247,71836.28M",664.9M U
78,PancakeSwapCAKEBuy,$1.92,0.17%,2.10%,5.89%,"$644.19M$644,186,427","$55,941,40029.14M",334.07M CAKE
79,Pudgy PenguinsPENGUBuy,$0.009907,1.22%,3.03%,17.86%,"$622.81M$622,808,961","$147,522,99714.88B",62.86B PENGU
80,TezosXTZBuy,$0.5720,0.64%,1.94%,1.46%,"$613.75M$613,753,777","$29,146,47750.86M",1.07B XTZ
81,JupiterJUPBuy,$0.1927,0.11%,0.71%,11.53%,"$615.07M$615,073,820","$18,378,71595.41M",3.19B JUP
82,NexoNEXOBuy,$0.9365,0.35%,3.55%,2.76%,"$605.12M$605,122,406","$10,729,54111.53M",646.14M NEXO
83,OptimismOPBuy,$0.3070,0.67%,2.07%,9.47%,"$596.91M$596,911,637","$95,137,177309.61M",1.94B OP
84,StacksSTXBuy,$0.3160,1.16%,2.74%,13.77%,"$573.42M$573,423,181","$23,109,32673.08M",1.81B STX
85,Artificial Superintelligence AllianceFETBuy,$0.2359,1.17%,0.43%,13.73%,"$543.18M$543,183,389","$60,231,446254.47M",2.3B FET
86,Virtuals ProtocolVIRTUALBuy,$0.8279,0.41%,2.66%,16.35%,"$543.25M$543,253,355","$137,147,298165.79M",656.15M VIRTUAL
87,Curve DAO TokenCRVBuy,$0.3566,1.83%,1.88%,13.92%,"$520.07M$520,070,731","$61,367,452171.91M",1.45B CRV
88,ChilizCHZBuy,$0.05069,0.54%,1.17%,15.75%,"$518.68M$518,680,137","$114,659,7562.25B",10.23B CHZ
89,First Digital USDFDUSDBuy,$0.9985,0.01%,0.01%,0.05%,"$505.88M$505,880,793","$3,338,446,1023.34B",506.59M FDUSD
90,TrueUSDTUSDBuy,$0.9990,0.01%,0.01%,0.06%,"$494.05M$494,046,944","$13,010,22613.02M",494.51M TUSD
91,ImmutableIMXBuy,$0.2484,0.15%,3.73%,6.32%,"$494.22M$494,220,827","$26,773,864108.04M",1.98B IMX
92,InjectiveINJBuy,$4.58,0.68%,0.98%,10.84%,"$458.52M$458,521,785","$37,712,1798.21M",99.97M INJ
93,MorphoMORPHOBuy,$1.19,0.39%,5.48%,14.49%,"$452.01M$452,010,965","$22,468,64318.79M",378.41M MORPHO
94,LighterLITBuy,$1.78,0.95%,5.92%,2.31%,"$446.13M$446,125,764","$117,295,71265.73M",250M LIT
95,Lido DAOLDOBuy,$0.5214,0.73%,0.78%,14.82%,"$441.4M$441,404,739","$32,212,18361.72M",846.56M LDO
96,Aerodrome FinanceAEROBuy,$0.4800,0.52%,4.86%,13.09%,"$438.3M$438,304,750","$25,012,49252.10M",913.1M AERO
97,DoubleZero2ZBuy,$0.1256,0.86%,4.08%,0.90%,"$436.11M$436,110,017","$18,102,917144.37M",3.47B 2Z
98,Axie InfinityAXSBuy,$2.48,1.12%,7.09%,131.59%,"$417.96M$417,956,723","$576,719,754230.56M",168.24M AXS
99,ether.fiETHFIBuy,$0.5994,0.62%,0.05%,17.82%,"$419.31M$419,308,081","$34,616,26157.64M",699.46M ETHFI
100,The SandboxSANDBuy,$0.1572,0.44%,10.92%,32.61%,"$419.51M$419,514,285","$267,698,4341.70B",2.66B SAND
101,ABABBuy,$0.004249,0.03%,0.40%,3.34%,"$413.99M$413,990,691","$7,142,3811.68B",97.42B AB
102,FLOKIFLOKIBuy,$0.00004321,0.70%,1.08%,13.25%,"$412.3M$412,298,503","$41,093,448949.68B",9.53T FLOKI
103,Sun [New]SUNBuy,$0.02130,0.25%,1.91%,2.57%,"$409.01M$409,011,415","$27,166,0591.27B",19.2B SUN
104,CelestiaTIABuy,$0.4607,0.48%,0.46%,16.48%,"$400.95M$400,948,448","$35,776,24977.64M",870.15M TIA
105,SPX6900SPXBuy,$0.4291,0.50%,1.02%,23.60%,"$399.5M$399,503,740","$18,928,55644.11M",930.99M SPX
106,StarknetSTRKBuy,$0.07653,1.00%,2.29%,8.49%,"$398.47M$398,471,889","$40,262,741526.04M",5.2B STRK
107,BitTorrent [New]BTTBuy,$0.064032,0.34%,3.30%,5.06%,"$397.68M$397,675,879","$22,977,15556.97T",986.06T BTT
108,Maple FinanceSYRUPBuy,$0.3400,0.87%,3.33%,8.56%,"$391.15M$391,150,068","$133,350,015392.12M",1.15B SYRUP
109,The GraphGRTBuy,$0.03647,0.61%,0.49%,9.54%,"$390.05M$390,047,760","$20,115,125551.42M",10.69B GRT
110,JUSTJSTBuy,$0.04395,0.46%,2.30%,7.02%,"$387.46M$387,462,471","$46,087,2241.04B",8.81B JST
111,pippinPIPPINBuy,$0.3829,0.72%,1.15%,24.47%,"$382.93M$382,932,900","$39,793,535103.91M",999.99M PIPPIN
112,TelcoinTELBuy,$0.003956,0.00%,19.76%,1.34%,"$376.59M$376,589,114","$8,000,6002.02B",95.18B TEL
113,Humanity ProtocolHBuy,$0.1629,0.54%,3.79%,17.61%,"$375.76M$375,759,598","$29,750,952182.52M",2.3B H
114,Trust Wallet TokenTWTBuy,$0.8692,0.01%,1.32%,5.74%,"$373.66M$373,657,476","$10,008,80411.51M",429.86M TWT
115,IOTAIOTABuy,$0.08718,0.05%,1.66%,8.44%,"$371.11M$371,112,705","$19,499,207223.65M",4.25B IOTA
116,ConfluxCFXBuy,$0.07057,0.80%,0.60%,6.37%,"$365.25M$365,248,966","$13,356,594189.26M",5.17B CFX
117,PendlePENDLEBuy,$2.11,0.55%,5.20%,0.88%,"$359.41M$359,410,710","$117,765,39255.58M",169.63M PENDLE
118,GnosisGNOBuy,$136.06,0.32%,1.41%,4.99%,"$359.1M$359,104,069","$4,509,45733.14K",2.63M GNO
119,Bitcoin SVBSVBuy,$17.95,0.06%,0.91%,8.38%,"$358.78M$358,775,887","$16,777,749934.26K",19.97M BSV
120,JasmyCoinJASMYBuy,$0.007243,0.42%,1.85%,11.49%,"$358.13M$358,130,905","$21,861,7773.01B",49.44B JASMY
121,EURCEURCBuy,$1.17,0.02%,0.35%,1.14%,"$357.58M$357,576,948","$37,814,65232.21M",304.61M EURC
122,AINFTNFTBuy,$0.063546,0.05%,0.75%,2.52%,"$354.68M$354,679,321","$26,396,88574.42T",999.99T NFT
123,DecredDCRBuy,$20.38,0.09%,2.62%,21.14%,"$351.47M$351,472,861","$3,991,450195.72K",17.23M DCR
124,Ethereum Name ServiceENSBuy,$8.89,0.60%,0.55%,13.51%,"$339.88M$339,884,430","$22,374,8842.51M",38.19M ENS
125,StableSTABLEBuy,$0.01917,0.18%,2.80%,36.74%,"$337.44M$337,438,630","$243,425,67612.71B",17.6B STABLE
126,dogwifhatWIFBuy,$0.3323,0.58%,0.97%,12.34%,"$331.96M$331,959,301","$117,385,963352.53M",998.83M WIF
127,Pyth NetworkPYTHBuy,$0.05709,0.81%,0.31%,11.37%,"$328.32M$328,322,047","$14,124,414247.36M",5.74B PYTH
128,KaiaKAIABuy,$0.05193,0.49%,2.36%,13.55%,"$323.3M$323,296,139","$15,251,329293.47M",6.22B KAIA
129,DecentralandMANABuy,$0.1609,0.83%,6.52%,11.33%,"$316.93M$316,933,409","$98,854,632613.24M",1.96B MANA
130,FartcoinFARTCOINBuy,$0.3018,1.47%,3.29%,18.60%,"$301.88M$301,876,423","$76,756,416253.84M",999.99M FARTCOIN
131,GalaGALABuy,$0.006356,0.87%,0.40%,8.89%,"$299.51M$299,509,219","$38,986,4206.11B",47.12B GALA
132,Theta NetworkTHETABuy,$0.2994,0.91%,0.48%,0.11%,"$299.48M$299,477,646","$17,095,36557.00M",1B THETA
133,Zebec NetworkZBCNBuy,$0.002969,0.33%,3.83%,3.64%,"$290.87M$290,873,991","$9,393,6953.15B",97.95B ZBCN
134,Basic Attention TokenBATBuy,$0.1890,0.21%,1.80%,0.98%,"$282.75M$282,753,127","$25,133,682133.08M",1.49B BAT
135,RaydiumRAYBuy,$1.02,0.48%,2.56%,10.04%,"$274.1M$274,102,419","$24,934,30024.42M",268.62M RAY
136,OnyxcoinXCNBuy,$0.007163,0.75%,0.11%,13.54%,"$263.27M$263,268,440","$18,374,2282.56B",36.75B XCN
137,ZKsyncZKBuy,$0.02945,1.13%,1.82%,12.89%,"$258.88M$258,883,471","$19,853,053672.90M",8.78B ZK
138,NeoNEOBuy,$3.62,0.11%,1.31%,5.44%,"$255.71M$255,708,502","$13,985,5603.85M",70.53M NEO
139,DeXeDEXEBuy,$3.03,0.22%,0.96%,6.50%,"$254.31M$254,311,063","$2,157,159710.04K",83.73M DEXE
140,CompoundCOMPBuy,$24.16,0.06%,1.14%,8.73%,"$240.73M$240,732,838","$15,096,953624.76K",9.96M COMP
141,Solana Mobile SeekerSKRBuy,$0.04412,0.75%,218.82%,319.00%,"$239.13M$239,131,867","$380,096,1238.61B",5.41B SKR
142,ArweaveARBuy,$3.53,0.28%,0.27%,7.95%,"$232.11M$232,113,684","$19,170,0655.42M",65.65M AR
143,GolemGLMBuy,$0.2314,0.28%,5.51%,22.04%,"$231.48M$231,478,468","$11,475,26849.56M",1B GLM
144,HeliumHNTBuy,$1.23,0.37%,0.64%,8.91%,"$229.95M$229,949,139","$3,600,7202.91M",186.32M HNT
145,SentientSENTBuy,$0.03075,1.90%,59.90%,59.90%,"$222.57M$222,566,070","$283,220,3139.13B",7.23B SENT
146,PlasmaXPLBuy,$0.1230,1.80%,0.56%,14.35%,"$221.54M$221,542,127","$85,933,824695.38M",1.8B XPL
147,VisionVSNBuy,$0.06153,0.33%,0.20%,30.72%,"$214.76M$214,763,702","$7,378,656119.81M",3.48B VSN
148,SonicSBuy,$0.07262,0.72%,2.57%,10.21%,"$209.16M$209,160,648","$20,999,494289.13M",2.88B S
149,eCashXECBuy,$0.00001040,0.57%,0.28%,9.36%,"$207.81M$207,813,937","$3,967,791381.38B",19.97T XEC
150,Terra ClassicLUNCBuy,$0.00003782,0.03%,0.70%,9.56%,"$206.91M$206,908,582","$10,515,997277.75B",5.46T LUNC
151,THORChainRUNEBuy,$0.5898,0.40%,0.72%,11.66%,"$207.02M$207,020,063","$69,739,422118.23M",351M RUNE
152,Falcon FinanceFFBuy,$0.08787,0.31%,4.17%,1.84%,"$205.62M$205,621,072","$109,411,4041.24B",2.34B FF
153,Convex FinanceCVXBuy,$2.04,0.80%,1.43%,3.49%,"$203.06M$203,063,674","$9,381,8734.57M",99.25M CVX
154,WalrusWALBuy,$0.1257,0.40%,1.80%,15.06%,"$198.39M$198,392,375","$13,413,948106.52M",1.57B WAL
155,KiteKITEBuy,$0.1100,0.00%,3.28%,15.65%,"$198.06M$198,055,563","$110,145,913999.93M",1.8B KITE
156,OriginTrailTRACBuy,$0.3956,2.39%,3.11%,5.95%,"$197.83M$197,825,659","$9,318,00423.54M",499.99M TRAC
157,BUILDonBBuy,$0.1976,0.24%,5.98%,15.54%,"$197.7M$197,699,868","$6,029,40230.50M",1B B
158,1inch1INCHBuy,$0.1409,0.50%,0.77%,7.99%,"$197.4M$197,403,545","$11,118,43678.81M",1.4B 1INCH
159,MonadMONBuy,$0.01799,0.88%,0.80%,18.71%,"$194.92M$194,918,134","$80,297,9024.45B",10.83B MON
160,FluidFLUIDBuy,$2.45,0.75%,2.05%,22.01%,"$190.26M$190,263,837","$4,326,9931.76M",77.53M FLUID
161,DeepBook ProtocolDEEPBuy,$0.04032,1.24%,3.95%,20.58%,"$187.25M$187,252,366","$18,355,108454.57M",4.64B DEEP
162,KaminoKMNOBuy,$0.04981,0.46%,2.65%,13.73%,"$187.4M$187,396,883","$5,586,931112.14M",3.76B KMNO
163,EigenCloudEIGENBuy,$0.3304,1.09%,0.28%,17.99%,"$180.33M$180,329,188","$34,752,667104.92M",545.69M EIGEN
164,SafePalSFPBuy,$0.3590,0.58%,4.19%,0.61%,"$179.54M$179,537,403","$3,319,4229.23M",500M SFP
165,LombardBARDBuy,$0.7975,0.73%,2.63%,1.84%,"$179.45M$179,451,134","$77,600,28297.20M",225M BARD
166,MX TokenMXBuy,$1.95,0.03%,0.32%,3.67%,"$179.13M$179,129,997","$14,385,8897.37M",91.83M MX
167,HorizenZENBuy,$9.94,0.32%,0.53%,19.96%,"$176.98M$176,977,821","$62,558,5806.28M",17.79M ZEN
168,币安人生币安人生Buy,$0.1717,2.49%,6.89%,20.15%,"$171.76M$171,757,414","$41,777,339237.58M",1B 币安人生
169,0G0GBuy,$0.8159,1.43%,10.05%,3.27%,"$174M$173,995,935","$92,767,225113.67M",213.24M 0G
170,VaultaABuy,$0.1073,1.10%,0.45%,36.74%,"$173.71M$173,711,725","$22,573,973210.10M",1.61B A
171,AmpAMPBuy,$0.002049,0.03%,0.19%,5.84%,"$172.77M$172,770,637","$4,807,4142.34B",84.28B AMP
172,MultiversXEGLDBuy,$5.89,0.50%,0.05%,1.20%,"$172.05M$172,048,869","$9,059,0961.53M",29.17M EGLD
173,Cheems (cheems.pet)CHEEMSBuy,$0.068660,0.87%,0.28%,9.25%,"$162.39M$162,386,450","$2,365,9332.73T",187.49T CHEEMS
174,FTX TokenFTTBuy,$0.4867,0.36%,0.71%,7.21%,"$160.1M$160,103,947","$3,292,3686.76M",328.89M FTT
175,WormholeWBuy,$0.02888,1.18%,3.19%,19.90%,"$151.89M$151,893,237","$31,992,0371.10B",5.25B W
176,Merlin ChainMERLBuy,$0.1327,5.77%,16.01%,47.11%,"$149.29M$149,288,659","$35,336,212266.05M",1.12B MERL
177,OasisROSEBuy,$0.01981,1.11%,5.99%,49.21%,"$148.84M$148,840,158","$86,640,2034.35B",7.5B ROSE
178,Official Melania MemeMELANIABuy,$0.1514,0.78%,2.06%,12.61%,"$148.04M$148,038,766","$17,581,001115.82M",977.49M MELANIA
179,AethirATHBuy,$0.008667,0.81%,4.56%,12.19%,"$143.94M$143,935,250","$28,750,8333.30B",16.6B ATH
180,SynthetixSNXBuy,$0.4199,0.61%,0.56%,9.69%,"$144.23M$144,229,492","$22,107,17652.63M",343.46M SNX
181,Reserve RightsRSRBuy,$0.002292,0.46%,0.50%,12.38%,"$143.38M$143,375,762","$8,839,6313.85B",62.55B RSR
182,ApeCoinAPEBuy,$0.1897,1.53%,2.71%,11.29%,"$142.83M$142,833,387","$28,249,945148.48M",752.65M APE
183,dYdXDYDXBuy,$0.1735,0.86%,1.77%,10.25%,"$142.35M$142,346,281","$8,759,39450.46M",820.24M DYDX
184,BeamBEAMBuy,$0.002871,1.36%,2.89%,3.90%,"$142.05M$142,054,449","$7,809,8072.71B",49.46B BEAM
185,WEMIXWEMIXBuy,$0.3085,0.13%,1.04%,7.69%,"$142.32M$142,315,345","$992,8683.21M",461.31M WEMIX
186,JitoJTOBuy,$0.3293,0.81%,1.61%,20.74%,"$140.93M$140,930,015","$24,084,42673.04M",427.95M JTO
187,SafeSAFEBuy,$0.2048,0.73%,1.79%,20.02%,"$140.8M$140,804,618","$32,997,325160.74M",687.28M SAFE
188,LivepeerLPTBuy,$2.81,0.56%,0.06%,10.31%,"$137.92M$137,915,601","$10,442,6613.70M",48.99M LPT
189,ZORAZORABuy,$0.03076,1.04%,1.60%,14.20%,"$137.53M$137,525,898","$21,482,763697.57M",4.46B ZORA
190,Brett (Based)BRETTBuy,$0.01378,0.65%,0.92%,16.79%,"$136.57M$136,565,287","$17,473,5521.26B",9.91B BRETT
191,QtumQTUMBuy,$1.28,0.67%,1.18%,10.74%,"$136.66M$136,656,958","$18,112,82614.04M",105.94M QTUM
192,Open CampusEDUBuy,$0.1649,0.02%,7.74%,2.97%,"$135.56M$135,557,231","$9,693,74758.70M",821.87M EDU
193,Dog (Bitcoin)DOGBuy,$0.001334,0.78%,0.77%,6.13%,"$133.43M$133,433,485","$3,030,1332.26B",100B DOG
194,FogoFOGOBuy,$0.03514,4.65%,9.07%,32.14%,"$132.18M$132,178,984","$202,514,2045.76B",3.76B FOGO
195,FlowFLOWBuy,$0.08005,0.43%,0.54%,16.60%,"$130.45M$130,450,001","$10,216,862127.43M",1.62B FLOW
196,MeteoraMETBuy,$0.2646,0.07%,2.35%,7.21%,"$130.26M$130,259,680","$53,801,439203.28M",492.18M MET
197,Theta FuelTFUELBuy,$0.01800,0.35%,0.25%,6.93%,"$129.67M$129,666,395","$2,334,706129.75M",7.2B TFUEL
198,CreditcoinCTCBuy,$0.2506,0.09%,0.04%,8.54%,"$127.97M$127,970,758","$6,376,47325.43M",510.5M CTC
199,GasGASBuy,$1.88,0.29%,0.61%,8.47%,"$122.55M$122,548,528","$3,823,6972.02M",64.99M GAS
200,FourFORMBuy,$0.3181,0.03%,0.80%,13.45%,"$121.48M$121,484,982","$9,173,03828.81M",381.86M FORM
201,RainRAINBuy,$0.01001,0.54%,13.34%,3.71%,"$3.4B$3,402,049,249","$43,823,8934.38B",339.8B RAIN
202,Falcon USDUSDfBuy,$0.9961,0.00%,0.04%,0.16%,"$2.06B$2,055,557,366","$2,288,1222.29M",2.06B USDf
203,Jupiter Perps LPJLPBuy,$4.60,0.22%,0.39%,5.51%,"$1.54B$1,542,217,712","$42,288,0169.18M",334.81M JLP
204,RiverRIVERBuy,$58.53,4.98%,29.14%,143.89%,"$1.15B$1,147,248,788","$67,989,4551.16M",19.6M RIVER
205,Ondo US Dollar YieldUSDYBuy,$1.11,0.01%,0.05%,0.06%,"$704.47M$704,472,043","$1,072,032958.57K",629.91M USDY
206,BeldexBDXBuy,$0.08658,0.03%,0.03%,3.84%,"$658.55M$658,554,821","$10,776,305124.45M",7.6B BDX
207,Usual USDUSD0Buy,$0.9984,0.04%,0.09%,0.04%,"$595.65M$595,645,779","$4,302,3014.30M",596.59M USD0
208,c8ntinuumCTMBuy,$0.1190,0.39%,1.28%,9.45%,"$519.06M$519,063,744","$984,1738.26M",4.35B CTM
209,USDaiUSDAIBuy,$0.9999,0.03%,0.04%,0.03%,"$501.32M$501,316,777","$3,261,2473.26M",501.35M USDAI
210,GHOGHOBuy,$0.9992,0.02%,0.03%,0.01%,"$494.72M$494,716,949","$1,921,2871.92M",495.1M GHO
211,FasttokenFTNBuy,$1.08,0.09%,0.05%,0.06%,"$474.32M$474,323,922","$12,377,53211.38M",436.26M FTN
212,Legacy Frax DollarFRAXBuy,$0.9931,0.01%,0.05%,0.01%,"$274.27M$274,273,880","$4,059,6244.08M",276.15M FRAX
213,Undeads GamesUDSBuy,$2.43,0.02%,1.07%,1.91%,"$242.01M$242,005,356","$959,348393.46K",99.25M UDS
214,WeFiWFIBuy,$2.94,0.14%,0.74%,7.05%,"$229.84M$229,842,928","$2,466,749837.96K",78.07M WFI
215,Ape and PepeAPEPEBuy,$0.051087,0.16%,2.42%,0.03%,"$228.32M$228,319,473","$20,194,94018.57T",210T APEPE
216,SwissBorgBORGBuy,$0.2307,0.08%,0.71%,9.83%,"$226.66M$226,662,972","$380,2871.64M",982.25M BORG
217,UltimaULTIMABuy,"$5,978.67",0.81%,2.15%,13.98%,"$223.66M$223,656,082","$26,900,2874.49K",37.4K ULTIMA
218,ZeebuZBUBuy,$0.5235,0.02%,0.14%,0.40%,"$216.57M$216,569,627","$57,086109.02K",413.62M ZBU
219,Loaded LionsLIONBuy,$0.006082,0.03%,1.60%,10.87%,"$187.62M$187,623,682","$953,680156.78M",30.84B LION
220,Quantum Resistant LedgerQRLBuy,$2.71,0.83%,7.28%,8.21%,"$184.75M$184,751,662","$105,91738.94K",67.93M QRL
221,Aster USDFUSDFBuy,$0.9984,0.00%,0.09%,0.04%,"$177.09M$177,091,180","$330,785331.28K",177.35M USDF
222,AUSDAUSDBuy,$0.9996,0.01%,0.01%,0.00%,"$166.74M$166,735,082","$35,119,48035.13M",166.8M AUSD
223,AileyALEBuy,$0.3786,0.04%,0.44%,2.56%,"$166.5M$166,503,899","$165,372436.58K",439.72M ALE
224,48 Club TokenKOGEBuy,$47.95,0.01%,0.01%,0.05%,"$162.49M$162,493,478","$188,065,7233.92M",3.38M KOGE
225,StandX DUSDDUSDBuy,$0.9986,0.00%,0.00%,0.08%,"$160.07M$160,070,326","$3,512,7493.51M",160.28M DUSD
226,GoМiningGOMININGBuy,$0.3845,0.09%,1.67%,5.44%,"$156.07M$156,073,101","$10,504,47027.33M",405.9M GOMINING
227,Ribbita by VirtualsTIBBIRBuy,$0.1522,1.43%,6.76%,17.21%,"$152.24M$152,235,599","$7,334,34548.56M",1B TIBBIR
228,SoSoValueSOSOBuy,$0.5473,0.13%,0.74%,1.07%,"$150.39M$150,387,090","$7,268,10913.27M",274.76M SOSO
229,Rollbit CoinRLBBuy,$0.08479,0.29%,1.38%,9.22%,"$150.42M$150,417,629","$427,3095.04M",1.77B RLB
230,GUSDGUSDBuy,$0.9983,0.00%,0.05%,0.04%,"$149.2M$149,199,973","$970,183971.90K",149.44M GUSD
231,STASIS EUROEURSBuy,$1.16,0.14%,0.54%,0.65%,"$144.96M$144,958,074","$2,2431.92K",124.12M EURS
232,ConcordiumCCDBuy,$0.01224,0.08%,9.76%,25.34%,"$144.72M$144,720,164","$639,12352.17M",11.81B CCD
233,ZanoZANOBuy,$9.33,0.44%,4.79%,11.04%,"$140M$139,998,526","$2,012,369215.41K",15M ZANO
234,ZamaZAMABuy,$0.06255,2.22%,0.95%,19.88%,"$137.62M$137,617,689",--,2.2B ZAMA
235,KeetaKTABuy,$0.2679,0.34%,1.54%,4.25%,"$128.34M$128,344,411","$4,878,28018.20M",478.94M KTA
236,SLTSLTBuy,$14.58,0.29%,0.79%,4.81%,"$123.95M$123,947,764","$133,4399.15K",8.5M SLT
237,YooldoESPORTSBuy,$0.4535,0.07%,0.37%,3.37%,"$123.29M$123,294,064","$131,675,020290.83M",271.85M ESPORTS
238,Frax USDFRXUSDBuy,$0.9998,0.01%,0.06%,0.03%,"$122.88M$122,881,874","$15,665,71515.65M",122.89M FRXUSD
239,ToshiTOSHIBuy,$0.0002876,0.68%,0.61%,12.53%,"$120.99M$120,986,483","$12,547,03543.54B",420.67B TOSHI
240,Alchemy PayACHBuy,$0.01226,1.00%,3.07%,8.58%,"$120.95M$120,946,364","$22,499,8161.83B",9.86B ACH
241,Akash NetworkAKTBuy,$0.4215,0.63%,0.63%,11.13%,"$120.81M$120,810,004","$4,850,83311.50M",286.58M AKT
242,VergeXVGBuy,$0.007296,0.58%,1.43%,5.75%,"$120.56M$120,558,764","$20,760,1962.85B",16.52B XVG
243,CoreCOREBuy,$0.1147,0.62%,0.52%,8.52%,"$119.71M$119,705,060","$6,899,02060.16M",1.04B CORE
244,Venice TokenVVVBuy,$2.72,0.44%,2.81%,13.37%,"$119.59M$119,591,095","$4,191,2661.53M",43.82M VVV
245,CoW ProtocolCOWBuy,$0.2139,0.88%,0.78%,12.71%,"$118.97M$118,969,736","$3,781,04317.67M",556.16M COW
246,yearn.financeYFIBuy,"$3,395.53",0.35%,1.25%,2.35%,"$119.16M$119,155,922","$8,168,2342.40K",35.09K YFI
247,BitMart TokenBMXBuy,$0.3643,0.05%,0.02%,11.97%,"$118.14M$118,137,362","$5,990,96616.43M",324.28M BMX
248,KusamaKSMBuy,$6.68,0.79%,0.63%,9.78%,"$117.96M$117,956,679","$6,155,039920.93K",17.65M KSM
249,SuperVerseSUPERBuy,$0.1851,0.60%,0.06%,11.53%,"$117.98M$117,982,855","$10,258,93755.40M",637.16M SUPER
250,SOONSOONBuy,$0.3070,0.26%,2.69%,11.99%,"$117.75M$117,748,427","$6,216,62120.23M",383.54M SOON
251,Nervos NetworkCKBBuy,$0.002415,0.83%,1.19%,8.62%,"$116.15M$116,154,729","$5,066,9802.09B",48.07B CKB
252,BerachainBERABuy,$0.7901,0.99%,9.06%,10.76%,"$115.54M$115,536,340","$78,513,98699.15M",146.21M BERA
253,RoninRONBuy,$0.1577,1.27%,5.60%,12.23%,"$115.04M$115,035,178","$20,901,438132.10M",729.05M RON
254,Stargate FinanceSTGBuy,$0.1715,0.97%,5.28%,24.28%,"$113.38M$113,376,720","$15,405,59589.06M",660.95M STG
255,MinaMINABuy,$0.08796,1.32%,7.12%,4.17%,"$111.83M$111,826,646","$46,297,242522.82M",1.27B MINA
256,DigiByteDGBBuy,$0.006125,0.21%,0.10%,2.35%,"$110.96M$110,955,916","$2,234,983365.47M",18.11B DGB
257,AIOZ NetworkAIOZBuy,$0.08864,1.50%,0.92%,17.72%,"$109.16M$109,155,773","$6,740,37475.97M",1.23B AIOZ
258,Keep NetworkKEEPBuy,$0.1122,1.44%,8.13%,55.39%,"$108.63M$108,633,839","$10,58694.35K",967.78M KEEP
259,RavencoinRVNBuy,$0.006748,0.63%,0.02%,8.31%,"$108.26M$108,263,658","$5,216,823772.62M",16.04B RVN
260,Baby Doge CoinBabyDogeBuy,$0.095997,0.65%,1.58%,13.78%,"$105.95M$105,950,861","$5,633,8369.37P",176.65P BabyDoge
261,TurboTURBOBuy,$0.001533,0.90%,0.95%,13.80%,"$105.79M$105,793,337","$13,826,0179.00B",69B TURBO
262,0x ProtocolZRXBuy,$0.1246,2.21%,1.95%,13.94%,"$105.71M$105,714,933","$20,210,355162.03M",848.39M ZRX
263,MovementMOVEBuy,$0.03320,0.84%,0.73%,13.09%,"$105.56M$105,561,136","$16,151,414485.93M",3.17B MOVE
264,VeloVELOBuy,$0.005917,1.34%,0.78%,6.02%,"$103.94M$103,939,314","$20,967,2813.51B",17.56B VELO
265,PieversePIEVERSEBuy,$0.5613,2.17%,3.41%,12.23%,"$104.98M$104,981,267","$18,914,94433.92M",187.02M PIEVERSE
266,ViciCoinVCNTBuy,$17.05,0.34%,0.20%,0.66%,"$103.84M$103,843,318","$226,31013.21K",6.08M VCNT
267,IrysIRYSBuy,$0.04879,1.65%,4.27%,4.22%,"$102.22M$102,223,909","$21,578,546438.83M",2.09B IRYS
268,ThresholdTBuy,$0.009156,0.51%,0.54%,6.03%,"$102.14M$102,141,268","$2,635,649287.61M",11.15B T
269,Defi AppHOMEBuy,$0.03083,0.63%,1.34%,9.40%,"$102.05M$102,053,302","$30,902,2581.00B",3.3B HOME
270,AWEAWEBuy,$0.05205,0.70%,1.60%,4.83%,"$101.11M$101,109,992","$4,602,05188.27M",1.94B AWE
271,YZY MONEYYZYBuy,$0.3358,0.22%,1.30%,4.55%,"$100.77M$100,769,756","$1,299,6823.86M",299.99M YZY
272,MNEEMNEEBuy,$1.00,0.08%,0.24%,0.20%,"$100.81M$100,807,960","$90,14090.24K",100.71M MNEE
273,FellazFLZBuy,$0.2131,0.03%,2.28%,8.72%,"$100.57M$100,565,576","$2,951,79813.85M",471.87M FLZ
274,RealLinkREALBuy,$0.07328,0.18%,1.62%,7.80%,"$100.69M$100,694,968","$6,892,89694.28M",1.37B REAL
275,Alchemist AIALCHBuy,$0.1215,1.73%,5.45%,21.05%,"$103.31M$103,309,503","$37,723,612319.25M",850M ALCH
276,Bio ProtocolBIOBuy,$0.05092,0.96%,8.12%,20.61%,"$99.49M$99,487,991","$79,851,5261.56B",1.95B BIO
277,Magic EdenMEBuy,$0.2319,1.14%,4.35%,6.01%,"$98.82M$98,818,235","$29,418,973126.91M",426.03M ME
278,Mog CoinMOGBuy,$0.062519,0.68%,0.72%,17.02%,"$98.4M$98,404,032","$6,635,87626.33T",390.56T MOG
279,KAITOKAITOBuy,$0.4062,1.15%,5.73%,29.13%,"$98.06M$98,057,758","$18,312,09045.06M",241.38M KAITO
280,ZilliqaZILBuy,$0.004955,1.04%,0.33%,9.51%,"$97.41M$97,414,012","$10,168,3102.04B",19.65B ZIL
281,Frax (prev. FXS)FRAXBuy,$1.02,5.54%,8.19%,1.50%,"$94.35M$94,348,930","$40,247,02438.64M",91.93M FRAX
282,DohrniiDHNBuy,$5.52,2.30%,6.23%,5.98%,"$94.39M$94,388,237","$188,20933.83K",17.07M DHN
283,NanoXNOBuy,$0.6969,0.22%,0.15%,4.78%,"$92.87M$92,865,245","$660,881953.85K",133.24M XNO
284,ShuffleSHFLBuy,$0.2497,0.21%,1.99%,12.92%,"$92.31M$92,311,531","$85,362341.75K",369.57M SHFL
285,AleoALEOBuy,$0.1114,1.65%,2.85%,8.36%,"$91.78M$91,775,767","$4,974,86044.53M",823.57M ALEO
286,Rekt (rekt.com)REKTBuy,$0.063272,0.48%,1.41%,0.87%,"$91.69M$91,694,501","$571,7021.74T",280.18T REKT
287,MetYaMYBuy,$0.09297,1.15%,1.41%,11.91%,"$91.14M$91,140,331","$9,096,49997.45M",980.25M MY
288,UnibaseUBBuy,$0.03544,0.47%,1.69%,4.59%,"$88.61M$88,605,644","$8,358,561235.61M",2.5B UB
289,KUB CoinKUBBuy,$1.26,0.50%,1.65%,4.27%,"$87.21M$87,214,065","$360,586285.44K",68.97M KUB
290,DuskDUSKBuy,$0.1753,2.33%,23.66%,176.46%,"$86.46M$86,455,422","$71,110,722403.13M",492.99M DUSK
291,Moca NetworkMOCABuy,$0.02197,0.87%,2.35%,2.59%,"$86.86M$86,861,551","$10,076,502458.32M",3.95B MOCA
292,XPR NetworkXPRBuy,$0.003055,0.06%,0.08%,16.62%,"$86.75M$86,747,738","$2,246,361734.53M",28.38B XPR
293,AstarASTRBuy,$0.01017,0.54%,3.44%,6.49%,"$86.72M$86,722,078","$3,758,341369.18M",8.52B ASTR
294,SushiSwapSUSHIBuy,$0.3026,0.61%,0.43%,6.49%,"$86.81M$86,806,270","$13,389,88544.24M",286.83M SUSHI
295,KavaKAVABuy,$0.07978,0.70%,0.81%,8.72%,"$86.39M$86,394,026","$3,765,48447.14M",1.08B KAVA
296,VenusXVSBuy,$5.29,0.38%,0.87%,7.21%,"$86.13M$86,125,383","$10,691,6832.01M",16.25M XVS
297,SPACE IDIDBuy,$0.06636,0.30%,2.80%,6.98%,"$86.03M$86,025,028","$8,047,132121.34M",1.29B ID
298,BlurBLURBuy,$0.03164,0.44%,3.07%,5.44%,"$85.48M$85,478,567","$16,604,910523.23M",2.7B BLUR
299,ZetaChainZETABuy,$0.07006,0.20%,2.49%,12.86%,"$85.34M$85,336,860","$7,165,362102.16M",1.21B ZETA
300,ORDIORDIBuy,$4.05,0.39%,0.73%,20.64%,"$85.13M$85,130,989","$16,674,4604.10M",21M ORDI
301,SiacoinSCBuy,$0.001518,0.22%,0.14%,8.02%,"$85.09M$85,085,438","$4,741,4313.12B",56.02B SC
302,RequestREQBuy,$0.1054,0.36%,0.36%,0.02%,"$83.98M$83,981,172","$2,012,26719.08M",796.69M REQ
303,HoloHOTBuy,$0.0004792,0.31%,1.17%,7.07%,"$84.01M$84,009,833","$5,081,06710.61B",175.31B HOT
304,QubicQUBICBuy,$0.066205,0.89%,3.41%,13.47%,"$82.69M$82,691,144","$1,599,2552.57T",133.25T QUBIC
305,LineaLINEABuy,$0.005339,0.64%,2.95%,15.14%,"$82.67M$82,673,028","$28,971,5145.42B",15.48B LINEA
306,Pirate ChainARRRBuy,$0.4209,0.20%,2.25%,32.71%,"$82.6M$82,596,858","$157,693374.60K",196.21M ARRR
307,DriftDRIFTBuy,$0.1488,0.60%,0.73%,11.34%,"$82.31M$82,310,461","$9,462,52063.56M",552.92M DRIFT
308,NEXPACENXPCBuy,$0.3504,0.91%,1.74%,7.16%,"$82.31M$82,306,816","$12,264,62234.99M",234.86M NXPC
309,ADIADIBuy,$1.60,0.01%,1.09%,12.82%,"$81.89M$81,889,293","$280,357175.11K",51.14M ADI
310,cat in a dogs worldMEWBuy,$0.0009107,0.74%,1.83%,7.19%,"$80.96M$80,959,402","$19,013,10120.87B",88.88B MEW
311,VVS FinanceVVSBuy,$0.051831,0.03%,0.34%,9.70%,"$79.95M$79,948,763","$242,355132.29B",43.64T VVS
312,WavesWAVESBuy,$0.6599,0.47%,2.02%,1.85%,"$79.15M$79,151,821","$12,537,03218.99M",119.93M WAVES
313,Quai NetworkQUAIBuy,$0.1001,2.99%,14.22%,2.10%,"$78.38M$78,380,936","$975,3099.73M",782.48M QUAI
314,ComedianBANBuy,$0.07807,0.30%,2.42%,4.19%,"$78.07M$78,073,369","$9,400,334120.39M",999.96M BAN
315,aelfELFBuy,$0.09462,0.24%,0.23%,6.27%,"$77.27M$77,267,160","$2,554,23426.99M",816.54M ELF
316,EUR CoinVertibleEURCVBuy,$1.17,0.01%,0.38%,1.12%,"$77.19M$77,193,146","$32,676,95127.83M",65.75M EURCV
317,Popcat (SOL)POPCATBuy,$0.07816,0.90%,1.81%,14.89%,"$76.6M$76,602,289","$13,903,306177.86M",979.97M POPCAT
318,MANTRAOMBuy,$0.06543,0.40%,0.46%,11.12%,"$76.09M$76,087,664","$21,420,173327.06M",1.16B OM
319,Yei FinanceCLOBuy,$0.5872,1.47%,15.14%,19.08%,"$75.81M$75,813,826","$11,716,39419.95M",129.1M CLO
320,XYOXYOBuy,$0.005523,0.05%,4.29%,3.96%,"$75.43M$75,426,291","$17,874,4823.23B",13.65B XYO
321,GMXGMXBuy,$7.22,0.58%,0.03%,8.20%,"$74.95M$74,954,475","$5,171,045716.00K",10.38M GMX
322,VeThor TokenVTHOBuy,$0.0007622,0.71%,0.60%,8.94%,"$74.44M$74,438,594","$1,451,2831.90B",97.65B VTHO
323,IoTeXIOTXBuy,$0.007872,0.63%,2.32%,3.62%,"$74.33M$74,325,064","$3,112,216394.91M",9.44B IOTX
324,Tesla tokenized stock (xStock)TSLAXBuy,$447.73,0.30%,4.99%,1.31%,"$73.65M$73,650,847","$34,391,38677.00K",164.49K TSLAX
325,ChainOpera AICOAIBuy,$0.3905,0.42%,0.26%,10.51%,"$73.42M$73,415,201","$21,887,02056.10M",188M COAI
326,PlumePLUMEBuy,$0.01507,1.39%,3.20%,10.28%,"$72.44M$72,440,894","$19,854,4971.31B",4.8B PLUME
327,RaveDAORAVEBuy,$0.3070,0.15%,3.63%,7.34%,"$72.07M$72,070,111","$5,273,33917.19M",234.73M RAVE
328,StaikaSTIKBuy,$0.5267,1.57%,1.05%,4.63%,"$71.92M$71,920,170","$40,16376.27K",136.53M STIK
329,Peanut the SquirrelPNUTBuy,$0.07181,0.67%,0.20%,12.49%,"$71.8M$71,799,109","$15,437,470214.77M",999.84M PNUT
330,Useless CoinUSELESSBuy,$0.07204,0.45%,1.40%,29.33%,"$71.98M$71,977,953","$26,187,278364.19M",999.08M USELESS
331,PaycoinPCIBuy,$0.06770,0.09%,0.34%,5.84%,"$71.91M$71,911,217","$362,3035.35M",1.06B PCI
332,AxelarAXLBuy,$0.06389,0.66%,1.27%,12.94%,"$70.77M$70,766,880","$10,986,759171.79M",1.1B AXL
333,NumeraireNMRBuy,$9.44,1.14%,1.09%,9.75%,"$70.69M$70,692,406","$7,803,146825.13K",7.48M NMR
334,ISLMISLMBuy,$0.03219,0.05%,2.33%,15.16%,"$70.4M$70,403,729","$62,6531.94M",2.18B ISLM
335,Non-Playable CoinNPCBuy,$0.009157,0.89%,2.38%,25.48%,"$69.02M$69,023,233","$8,236,665896.64M",7.53B NPC
336,MindWaveDAONILABuy,$0.08206,0.54%,0.07%,0.93%,"$69.17M$69,165,019","$283,2533.45M",842.76M NILA
337,Impossible Cloud NetworkICNTBuy,$0.4008,0.44%,7.58%,12.57%,"$67.04M$67,036,010","$12,531,77830.34M",167.22M ICNT
338,SuccinctPROVEBuy,$0.3520,0.68%,2.62%,13.76%,"$68.65M$68,653,263","$11,427,77932.43M",195M PROVE
339,ssv.networkSSVBuy,$4.23,0.23%,0.82%,7.39%,"$68.22M$68,218,384","$16,347,0743.85M",16.11M SSV
340,AvantisAVNTBuy,$0.2640,0.56%,2.45%,9.55%,"$68.17M$68,170,851","$19,034,24371.95M",258.2M AVNT
341,U.S. Dollar Tokenized Currency (Ondo)USDonBuy,$0.9991,0.00%,0.01%,0.04%,"$68.31M$68,306,151","$25,793,19925.81M",68.36M USDon
342,CeloCELOBuy,$0.1150,1.01%,0.65%,9.09%,"$68.13M$68,126,745","$14,874,439129.45M",592.17M CELO
343,GrassGRASSBuy,$0.2785,0.46%,0.19%,10.73%,"$67.94M$67,942,870","$19,053,76368.32M",243.9M GRASS
344,MemecoinMEMEBuy,$0.001094,1.29%,4.07%,0.16%,"$67.51M$67,508,917","$23,215,14621.05B",61.68B MEME
345,RedStoneREDBuy,$0.2213,0.65%,0.01%,10.03%,"$67.39M$67,390,433","$3,754,58316.94M",304.49M RED
346,Moo Deng (moodengsol.com)MOODENGBuy,$0.06797,0.98%,2.38%,10.73%,"$67.3M$67,297,942","$14,825,050217.72M",989.97M MOODENG
347,LoopringLRCBuy,$0.04916,0.67%,0.04%,4.82%,"$67.26M$67,263,524","$7,018,919142.59M",1.36B LRC
348,lisUSDlisUSDBuy,$0.9979,0.01%,0.03%,0.10%,"$67.14M$67,139,409",$607608.68,67.27M lisUSD
349,CentrifugeCFGBuy,$0.1161,1.07%,0.42%,12.91%,"$66.78M$66,783,847","$431,6643.71M",575.13M CFG
350,StatusSNTBuy,$0.01387,0.26%,0.81%,6.69%,"$66.55M$66,548,292","$3,999,580288.28M",4.79B SNT
351,ZIGChainZIGBuy,$0.04720,0.20%,2.07%,21.62%,"$66.51M$66,508,041","$2,089,85244.23M",1.4B ZIG
352,SignSIGNBuy,$0.04061,0.07%,4.56%,3.78%,"$66.61M$66,612,673","$3,911,33196.56M",1.64B SIGN
353,CysicCYSBuy,$0.4113,0.29%,10.27%,14.89%,"$66.14M$66,139,063","$10,309,16825.00M",160.8M CYS
354,USDHUSDHBuy,$0.9998,0.02%,0.00%,0.06%,"$66.14M$66,138,079","$19,142,54919.14M",66.14M USDH
355,SubsquidSQDBuy,$0.06677,2.16%,4.49%,8.90%,"$66M$65,996,254","$4,531,03967.80M",988.39M SQD
356,KGeNKGENBuy,$0.3234,4.85%,27.41%,21.95%,"$64.25M$64,254,316","$42,108,690128.54M",198.67M KGEN
357,InitVerseINIBuy,$0.1185,0.30%,0.98%,0.30%,"$64.75M$64,749,592","$1,490,76912.56M",546.33M INI
358,AI Rig ComplexARCBuy,$0.06452,0.38%,11.03%,14.92%,"$64.52M$64,522,892","$24,623,892381.95M",999.99M ARC
359,GEODNETGEODBuy,$0.1468,0.22%,3.69%,7.54%,"$64.45M$64,450,866","$310,4802.11M",438.77M GEOD
360,ChiaXCHBuy,$4.41,0.64%,1.90%,13.11%,"$63.69M$63,694,075","$3,000,133676.93K",14.41M XCH
361,SKALESKLBuy,$0.01051,1.42%,11.65%,2.10%,"$63.9M$63,903,674","$26,467,1072.52B",6.07B SKL
362,Huma FinanceHUMABuy,$0.02471,1.91%,2.26%,9.14%,"$64.04M$64,044,483","$13,646,228555.26M",2.59B HUMA
363,OrcaORCABuy,$1.05,0.68%,0.02%,7.33%,"$63.47M$63,474,632","$5,002,7474.73M",60.15M ORCA
364,AnkrANKRBuy,$0.006333,0.83%,1.73%,7.24%,"$63.33M$63,332,491","$8,430,3871.32B",10B ANKR
365,UMAUMABuy,$0.6996,0.69%,0.10%,6.26%,"$62.64M$62,640,799","$5,606,8888.00M",89.52M UMA
366,ChintaiCHEXBuy,$0.06262,0.18%,8.94%,11.44%,"$62.56M$62,560,119","$623,5729.93M",998.92M CHEX
367,VanaVANABuy,$2.08,0.27%,0.87%,11.35%,"$62.64M$62,644,571","$4,953,0562.37M",30.08M VANA
368,SurgeSURGEBuy,$0.1274,1.61%,4.64%,232.61%,"$62.47M$62,473,236","$35,953,460281.41M",490M SURGE
369,Department Of Government Efficiency (DOGE)DOGEBuy,$0.1245,0.18%,1.07%,11.22%,"$62.26M$62,262,456","$3,22425.87K",500M DOGE
370,Sahara AISAHARABuy,$0.02342,0.76%,1.55%,12.56%,"$61.92M$61,923,918","$7,768,165331.97M",2.64B SAHARA
371,CasperCSPRBuy,$0.004451,1.66%,3.95%,14.74%,"$61.38M$61,376,790","$3,003,700674.82M",13.78B CSPR
372,SnekSNEKBuy,$0.0008124,0.16%,5.96%,16.86%,"$60.74M$60,737,397","$5,301,8936.51B",74.75B SNEK
373,MultiBank GroupMBGBuy,$0.4650,1.07%,0.91%,17.53%,"$60.76M$60,760,291","$16,915,02936.32M",130.65M MBG
374,Mask NetworkMASKBuy,$0.6061,0.69%,0.63%,7.79%,"$60.62M$60,618,087","$20,324,10633.46M",100M MASK
375,sirenSIRENBuy,$0.08357,0.13%,12.80%,13.82%,"$60.92M$60,916,171","$10,500,026126.30M",728.87M SIREN
376,Victoria VRVRBuy,$0.003602,0.09%,0.92%,9.61%,"$60.52M$60,520,381","$963,433267.48M",16.8B VR
377,SecretSCRTBuy,$0.1843,1.40%,18.36%,47.15%,"$60.85M$60,852,445","$29,216,074159.61M",330.17M SCRT
378,Jelly-My-JellyJELLYJELLYBuy,$0.06031,1.16%,2.87%,3.44%,"$60.32M$60,316,134","$4,180,37269.30M",999.99M JELLYJELLY
379,Venus BUSDvBUSDBuy,$0.02229,0.04%,0.02%,0.26%,"$60.09M$60,089,875",--,2.69B vBUSD
380,Enjin CoinENJBuy,$0.03092,0.43%,5.29%,3.66%,"$59.52M$59,521,415","$10,694,607345.90M",1.92B ENJ
381,AltlayerALTBuy,$0.01140,1.00%,2.19%,6.27%,"$59.32M$59,320,977","$9,451,541827.56M",5.19B ALT
382,BitDCABDCABuy,$0.7852,0.20%,1.28%,0.56%,"$59.36M$59,361,569","$264,237336.52K",75.59M BDCA
383,ICONICXBuy,$0.05385,0.61%,0.58%,7.25%,"$58.58M$58,580,024","$1,251,37623.20M",1.08B ICX
384,Matrixdock GoldXAUMBuy,"$5,002.38",2.34%,3.43%,8.20%,"$60.12M$60,122,329","$526,374107.99",12.01K XAUM
385,BrevisBREVBuy,$0.2335,0.16%,1.39%,22.81%,"$58.39M$58,387,640","$33,511,628144.26M",250M BREV
386,ArdorARDRBuy,$0.05853,0.07%,0.47%,4.28%,"$58.45M$58,445,591","$1,361,66623.41M",998.46M ARDR
387,PolymeshPOLYXBuy,$0.05674,0.88%,1.33%,17.15%,"$57.88M$57,881,962","$1,879,95333.09M",1.02B POLYX
388,WhiteRockWHITEBuy,$0.00008861,0.00%,1.02%,0.11%,"$57.6M$57,598,124","$331,0663.73B",650B WHITE
389,HashKey Platform TokenHSKBuy,$0.1704,0.07%,2.14%,14.91%,"$57.39M$57,390,685","$5,383,48131.58M",336.63M HSK
390,QuantixAIQAIBuy,$71.31,0.19%,0.89%,5.02%,"$57.33M$57,328,433","$7,152,591100.47K",803.85K QAI
391,Pundi X (New)PUNDIXBuy,$0.2213,0.45%,0.66%,7.21%,"$57.18M$57,183,842","$2,303,75910.40M",258.38M PUNDIX
392,Tornado CashTORNBuy,$10.90,0.08%,2.07%,8.27%,"$57.36M$57,355,114","$104,4779.60K",5.26M TORN
393,LagrangeLABuy,$0.2929,1.04%,1.16%,6.39%,"$56.54M$56,537,536","$18,082,86861.74M",193M LA
394,BIMBIMBuy,$1.87,0.30%,1.14%,9.71%,"$56.25M$56,248,463","$315,771168.46K",30M BIM
395,GOHOMEGOHOMEBuy,$112.16,0.00%,0.34%,5.44%,"$56.07M$56,071,165","$1,434,11712.77K",499.89K GOHOME
396,Decentralized SocialDESOBuy,$6.30,0.12%,4.38%,4.73%,"$56M$55,995,170","$38,3616.08K",8.88M DESO
397,TerraLUNABuy,$0.07884,0.66%,0.93%,9.23%,"$55.98M$55,980,971","$11,484,292145.66M",709.98M LUNA
398,Anchored Coins AEURAEURBuy,$1.14,0.14%,0.18%,0.39%,"$54.98M$54,982,715","$195,665170.56K",47.92M AEUR
399,TellorTRBBuy,$19.95,0.94%,0.25%,7.35%,"$54.73M$54,729,349","$13,375,285668.18K",2.74M TRB
400,GUNZGUNBuy,$0.03731,0.36%,21.52%,24.00%,"$54.75M$54,745,581","$127,233,8453.40B",1.46B GUN
401,OntologyONTBuy,$0.05852,0.44%,0.05%,10.41%,"$54.68M$54,682,232","$5,180,73488.43M",934.26M ONT
402,Quack AIQBuy,$0.01780,5.57%,8.17%,0.03%,"$54.64M$54,641,080","$6,705,432376.60M",3.06B Q
403,BUSDBUSDBuy,$0.9997,0.01%,0.02%,0.27%,"$54.63M$54,629,344","$779,582779.87K",54.64M BUSD
404,BounceBitBBBuy,$0.05601,0.85%,0.47%,7.46%,"$54.21M$54,209,588","$9,714,934173.43M",967.76M BB
405,SologenicSOLOBuy,$0.1355,0.83%,2.67%,9.80%,"$54.07M$54,067,266","$3,048,13722.48M",398.77M SOLO
406,StorjSTORJBuy,$0.1276,0.64%,0.72%,7.44%,"$54M$54,000,850","$4,167,51732.64M",422.97M STORJ
407,EthereumPoWETHWBuy,$0.4982,0.29%,0.37%,10.10%,"$53.72M$53,715,433","$4,885,4119.80M",107.81M ETHW
408,NotcoinNOTBuy,$0.0005387,0.44%,0.17%,11.85%,"$53.57M$53,568,722","$9,498,44817.63B",99.42B NOT
409,UPCXUPCBuy,$0.5321,0.12%,10.91%,4.61%,"$53.46M$53,462,310","$233,416438.65K",100.46M UPC
410,BORABORABuy,$0.04846,0.41%,5.83%,9.16%,"$53.3M$53,297,548","$22,866,852471.83M",1.09B BORA
411,HarmonyONEBuy,$0.003587,0.56%,1.17%,11.02%,"$53.19M$53,192,092","$4,966,8371.38B",14.82B ONE
412,VNDCVNDCBuy,$0.00003744,0.00%,0.42%,1.45%,"$52.9M$52,896,542","$13,352,390356.54B",1.41T VNDC
413,World Mobile TokenWMTXBuy,$0.06521,0.15%,0.18%,12.50%,"$52.64M$52,637,700","$13,888,045212.97M",807.09M WMTX
414,ChangeNOW TokenNOWBuy,$0.6189,0.73%,0.79%,10.33%,"$52.49M$52,493,466","$10,95417.69K",84.8M NOW
415,iExec RLCRLCBuy,$0.6032,0.60%,0.13%,8.08%,"$52.48M$52,483,490","$3,383,2535.60M",86.99M RLC
416,Law Blocks (AI)LBTBuy,$0.2137,0.10%,0.01%,0.38%,"$52.38M$52,376,649","$524,9642.45M",244.99M LBT
417,GMTGMTBuy,$0.01676,0.93%,0.00%,5.89%,"$52.15M$52,151,190","$11,246,428670.41M",3.11B GMT
418,Giggle FundGIGGLEBuy,$52.24,0.52%,3.25%,14.14%,"$51.98M$51,975,254","$30,649,297586.68K",994.9K GIGGLE
419,FIGHTFIGHTBuy,$0.02506,0.96%,2.14%,2.14%,"$51.37M$51,373,904","$136,759,6685.41B",2.05B FIGHT
420,BandBANDBuy,$0.3024,0.56%,0.55%,10.53%,"$51.73M$51,725,045","$4,380,68714.48M",171M BAND
421,PlaysOutPLAYBuy,$0.07426,1.01%,5.28%,12.20%,"$51.58M$51,578,103","$2,910,00839.09M",694.54M PLAY
422,BSquared NetworkB2Buy,$0.7655,0.06%,1.94%,1.91%,"$51.56M$51,564,581","$20,014,28626.14M",67.35M B2
423,ApeX ProtocolAPEXBuy,$0.3746,0.84%,1.29%,0.18%,"$51.49M$51,492,231","$6,752,07318.06M",137.43M APEX
424,AI CompanionsAICBuy,$0.06792,7.60%,10.31%,39.95%,"$50.94M$50,940,032","$3,653,44853.79M",749.99M AIC
425,Tokenlon Network TokenLONBuy,$0.4074,0.31%,1.20%,8.45%,"$50.57M$50,568,350","$25,39162.13K",124.12M LON
426,LCXLCXBuy,$0.05327,0.03%,1.31%,6.14%,"$50.58M$50,580,526","$587,82911.05M",949.46M LCX
427,COTICOTIBuy,$0.01924,0.39%,0.56%,7.13%,"$50.27M$50,273,076","$6,256,891324.53M",2.61B COTI
428,NeiroNEIROBuy,$0.0001194,1.89%,3.67%,6.29%,"$50.23M$50,231,985","$31,012,402259.09B",420.68B NEIRO
429,Stronghold SHxSHXBuy,$0.008613,0.06%,0.13%,11.74%,"$49.9M$49,903,248","$750,16086.85M",5.79B SHX
430,ApertumAPTMBuy,$0.6691,0.16%,0.80%,16.16%,"$49.77M$49,773,344","$1,375,7302.06M",74.38M APTM
431,PowerledgerPOWRBuy,$0.08719,0.45%,0.19%,5.61%,"$49.54M$49,539,287","$3,303,16337.88M",568.13M POWR
432,ArkARKBuy,$0.2568,0.71%,1.52%,10.28%,"$49.41M$49,414,411","$1,725,6986.71M",192.41M ARK
433,StorX NetworkSRXBuy,$0.06826,0.39%,1.45%,4.49%,"$49.52M$49,523,385","$3,130,43745.99M",725.44M SRX
434,EuriteEURIBuy,$1.17,0.03%,0.37%,1.10%,"$49.28M$49,275,778","$17,446,33914.85M",41.96M EURI
435,Gemini DollarGUSDBuy,$1.00,0.02%,0.06%,0.02%,"$49.27M$49,266,378","$2,288,9572.28M",49.26M GUSD
436,Alphabet Class A Tokenized Stock (Ondo)GOOGLonBuy,$331.98,0.07%,1.69%,0.50%,"$49.18M$49,182,635","$6,385,86219.24K",148.14K GOOGLon
437,BabylonBABYBuy,$0.01715,0.57%,0.65%,5.09%,"$48.64M$48,643,913","$4,159,694242.05M",2.83B BABY
438,HiveHIVEBuy,$0.09406,0.51%,0.84%,9.15%,"$48.18M$48,182,998","$2,549,48227.08M",512.22M HIVE
439,peaqPEAQBuy,$0.02738,0.60%,1.87%,13.59%,"$48.01M$48,006,892","$2,299,99484.25M",1.75B PEAQ
440,The White WhaleWHITEWHALEBuy,$0.04813,3.07%,32.78%,50.16%,"$48.13M$48,128,826","$47,178,804986.02M",999.82M WHITEWHALE
441,SparkSPKBuy,$0.02062,1.67%,0.97%,10.12%,"$47.71M$47,705,513","$14,341,647693.92M",2.31B SPK
442,SmarDexSDEXBuy,$0.005077,0.10%,1.14%,20.32%,"$47.49M$47,490,324","$510,397100.43M",9.35B SDEX
443,Pax DollarUSDPBuy,$0.9991,0.00%,0.02%,0.06%,"$47.53M$47,526,869","$1,420,7041.42M",47.56M USDP
444,ConstitutionDAOPEOPLEBuy,$0.009364,1.21%,0.42%,10.06%,"$47.38M$47,383,224","$15,310,3691.63B",5.06B PEOPLE
445,WOOWOOBuy,$0.02510,1.01%,1.42%,14.37%,"$47.44M$47,437,051","$4,018,628160.02M",1.88B WOO
446,PythiaPYTHIABuy,$0.04764,0.23%,2.72%,4.32%,"$47.56M$47,556,135","$441,6099.29M",998.16M PYTHIA
447,StraitsX USDXUSDBuy,$0.9998,0.00%,0.01%,0.01%,"$47.39M$47,391,132","$27,525,27427.53M",47.39M XUSD
448,MVLMVLBuy,$0.001700,0.37%,0.57%,4.49%,"$47.29M$47,288,240","$165,49497.33M",27.8B MVL
449,IOSTIOSTBuy,$0.001526,0.76%,0.48%,7.36%,"$46.94M$46,942,618","$5,751,1403.76B",30.74B IOST
450,SwftCoinSWFTCBuy,$0.004692,0.33%,0.31%,12.73%,"$46.93M$46,925,414","$1,171,457249.59M",10B SWFTC
451,AudieraBEATBuy,$0.2572,0.28%,12.98%,30.18%,"$46.75M$46,750,845","$8,455,18032.79M",181.76M BEAT
452,UNS TOKENUNSBuy,$0.4394,0.00%,0.00%,1.02%,"$46.41M$46,410,977",--,105.6M UNS
453,UsualUSUALBuy,$0.02852,1.57%,2.20%,4.51%,"$46.18M$46,178,876","$6,800,857237.77M",1.61B USUAL
454,OreOREBuy,$109.53,4.05%,13.07%,9.74%,"$46.45M$46,448,251","$1,561,96014.33K",424.06K ORE
455,Collect on FanableCOLLECTBuy,$0.08517,0.15%,7.44%,18.46%,"$45.74M$45,740,390","$11,202,339130.23M",537M COLLECT
456,WhiteheartWHITEBuy,"$5,150.79",0.00%,3.09%,8.50%,"$45.78M$45,780,288",--,8.88K WHITE
457,Gravity (by Galxe)GBuy,$0.004330,0.36%,0.20%,10.04%,"$45.11M$45,112,567","$2,298,398530.39M",10.41B G
458,Yield Guild GamesYGGBuy,$0.06328,0.88%,2.92%,7.53%,"$44.93M$44,929,685","$33,722,936531.13M",709.91M YGG
459,AI Analysis TokenAIATBuy,$0.3060,0.75%,1.15%,0.98%,"$44.81M$44,806,183","$373,4181.21M",146.38M AIAT
460,Big TimeBIGTIMEBuy,$0.02138,1.45%,5.33%,2.81%,"$44.45M$44,448,165","$34,898,9641.62B",2.07B BIGTIME
461,CARVCARVBuy,$0.08769,0.71%,0.79%,20.68%,"$44.52M$44,518,281","$9,260,728105.54M",507.62M CARV
462,Space and TimeSXTBuy,$0.03151,0.71%,10.88%,12.87%,"$44.12M$44,124,361","$49,296,9681.55B",1.4B SXT
463,Rocket PoolRPLBuy,$2.00,1.04%,0.71%,5.34%,"$44.26M$44,260,095","$4,184,1242.09M",22.11M RPL
464,EulerEULBuy,$1.81,0.11%,1.29%,22.36%,"$43.95M$43,949,545","$5,589,5263.07M",24.22M EUL
465,CivicCVCBuy,$0.04391,0.38%,0.42%,5.51%,"$43.92M$43,917,515","$3,362,12176.55M",1B CVC
466,Mango NetworkMGOBuy,$0.02739,0.11%,4.41%,29.98%,"$43.92M$43,917,904","$104,160,4913.80B",1.6B MGO
467,SolayerLAYERBuy,$0.1398,1.18%,1.47%,12.50%,"$43.74M$43,741,332","$10,009,67171.58M",312.75M LAYER
468,Dogelon MarsELONBuy,$0.074373,0.06%,2.70%,16.19%,"$43.67M$43,672,182","$5,692,999130.13T",998.58T ELON
469,UnifAI NetworkUAIBuy,$0.1822,0.09%,2.04%,4.09%,"$43.55M$43,546,288","$5,071,89027.85M",239M UAI
470,BancorBNTBuy,$0.3967,0.31%,0.39%,8.40%,"$43.51M$43,505,130","$2,899,7817.30M",109.66M BNT
471,Banana For ScaleBANANAS31Buy,$0.004345,0.62%,12.59%,15.86%,"$43.45M$43,454,690","$21,110,8394.87B",10B BANANAS31
472,OrbsORBSBuy,$0.009966,0.14%,0.19%,12.06%,"$43.18M$43,184,965","$5,104,330511.86M",4.33B ORBS
473,GeorgePlaysClashRoyaleCLASHBuy,$0.04316,0.59%,2.44%,9.19%,"$43.15M$43,148,279","$2,131,65249.54M",999.68M CLASH
474,DEAPcoinDEPBuy,$0.001424,0.07%,0.72%,4.52%,"$42.59M$42,588,453","$496,489348.18M",29.89B DEP
475,Spell TokenSPELLBuy,$0.0002479,0.68%,0.08%,5.64%,"$42.53M$42,532,621","$3,908,87215.76B",171.51B SPELL
476,RadixXRDBuy,$0.003214,7.00%,70.39%,158.60%,"$42.9M$42,897,103","$4,258,2321.33B",13.34B XRD
477,OrblerORBRBuy,$0.04173,0.34%,3.96%,9.73%,"$42.39M$42,389,367","$13,015311.70K",1.01B ORBR
478,io.netIOBuy,$0.1572,1.17%,9.71%,5.18%,"$42.34M$42,343,807","$33,949,402215.87M",269.19M IO
479,ECOMIOMIBuy,$0.0001500,0.06%,0.73%,17.61%,"$42.4M$42,398,007","$967,4626.46B",282.56B OMI
480,RateXRTXBuy,$2.53,0.06%,4.42%,1.98%,"$42.3M$42,299,116","$11,591,6394.56M",16.66M RTX
481,CROSSCROSSBuy,$0.1253,0.55%,2.08%,7.92%,"$42.02M$42,020,623","$4,861,93638.68M",335.22M CROSS
482,Mind NetworkFHEBuy,$0.1174,4.42%,22.43%,34.17%,"$41.22M$41,215,410","$58,400,134487.64M",350.99M FHE
483,SolarSXPBuy,$0.06231,0.99%,0.61%,8.23%,"$41.73M$41,731,446","$4,322,20468.94M",669.68M SXP
484,Power ProtocolPOWERBuy,$0.1980,0.50%,1.79%,33.23%,"$41.6M$41,598,642","$18,509,51792.67M",210M POWER
485,CyberCYBERBuy,$0.7087,0.97%,0.01%,3.96%,"$41.71M$41,709,697","$6,677,1819.41M",58.85M CYBER
486,TaggerTAGBuy,$0.0003850,0.58%,1.66%,7.63%,"$41.74M$41,738,264","$3,431,9238.91B",108.4B TAG
487,MiL.kMLKBuy,$0.07912,0.08%,3.50%,7.78%,"$41.64M$41,635,477","$2,729,82434.47M",526.19M MLK
488,Lista DAOLISTABuy,$0.1434,0.85%,1.04%,9.74%,"$41.53M$41,528,569","$4,967,54034.63M",289.47M LISTA
489,SKYAISKYAIBuy,$0.04147,0.57%,2.35%,5.59%,"$41.48M$41,476,435","$8,575,312206.66M",1B SKYAI
490,XertraSTRAXBuy,$0.02029,0.36%,0.57%,6.55%,"$41.63M$41,625,425","$784,34738.78M",2.05B STRAX
491,Klickl TokenKLKBuy,$0.4127,0.24%,0.67%,0.98%,"$41.27M$41,272,459","$873,2102.11M",100M KLK
492,XPIN NetworkXPINBuy,$0.002320,1.01%,2.07%,1.44%,"$41.18M$41,181,966","$4,237,3631.82B",17.74B XPIN
493,PromPROMBuy,$2.22,2.13%,14.24%,65.99%,"$40.57M$40,568,400","$14,527,7736.48M",18.25M PROM
494,FluxFLUXBuy,$0.1018,1.01%,0.54%,3.57%,"$40.77M$40,765,944","$3,724,40336.54M",400.37M FLUX
495,BOOK OF MEMEBOMEBuy,$0.0005888,1.38%,0.04%,11.24%,"$40.57M$40,569,441","$13,503,48022.88B",68.89B BOME
496,SomniaSOMIBuy,$0.1867,1.12%,0.35%,19.45%,"$40.53M$40,528,510","$9,828,61752.50M",216.98M SOMI
497,Aegis YUSDYUSDBuy,$0.9989,0.01%,0.17%,0.03%,"$40.62M$40,616,052",$728728.91,40.65M YUSD
498,MomentumMMTBuy,$0.1975,1.23%,6.93%,11.95%,"$40.31M$40,314,201","$16,018,98780.81M",204.09M MMT
499,BurnedfiBURNBuy,$3.26,0.18%,10.80%,19.53%,"$40.37M$40,372,241","$467,997143.46K",12.37M BURN
500,Kyber Network Crystal v2KNCBuy,$0.2112,0.43%,1.55%,10.01%,"$40.31M$40,314,502","$3,723,96017.62M",190.83M KNC
501,Kyber Network Crystal v2KNCBuy,$0.2112,0.44%,1.55%,10.04%,"$40.31M$40,312,080","$3,723,62217.62M",190.83M KNC
502,APROATBuy,$0.1602,1.20%,5.28%,0.14%,"$40.06M$40,061,886","$7,464,46846.58M",250M AT
503,ArkhamARKMBuy,$0.1779,0.43%,1.38%,11.96%,"$40.06M$40,061,554","$34,971,454196.49M",225.1M ARKM
504,AudiusAUDIOBuy,$0.02865,0.20%,0.21%,5.44%,"$39.83M$39,834,861","$2,435,98185.01M",1.39B AUDIO
505,Santos FC Fan TokenSANTOSBuy,$2.47,1.46%,13.09%,12.80%,"$39.8M$39,802,424","$17,565,0797.10M",16.09M SANTOS
506,BiconomyBICOBuy,$0.03973,0.44%,0.78%,5.92%,"$39.74M$39,743,489","$7,611,798191.56M",1B BICO
507,Wiki CatWKCBuy,$0.077263,0.38%,4.09%,9.58%,"$39.65M$39,645,943","$347,5694.78T",545.84T WKC
508,LiskLSKBuy,$0.1749,0.66%,0.29%,12.59%,"$39.6M$39,601,123","$6,160,98435.22M",226.4M LSK
509,EscoinTokenELGBuy,$0.2519,0.29%,5.62%,1.73%,"$39.59M$39,594,255","$347,2731.37M",157.13M ELG
510,Particle NetworkPARTIBuy,$0.09075,0.87%,0.85%,11.51%,"$39.58M$39,578,006","$8,460,54593.22M",436.09M PARTI
511,Fractal BitcoinFBBuy,$0.4186,0.04%,0.65%,3.25%,"$39.27M$39,274,943","$5,480,83113.09M",93.82M FB
512,Liquity BOLDBOLDBuy,$0.9997,0.01%,0.01%,0.05%,"$39.08M$39,084,867","$463,354463.46K",39.09M BOLD
513,NockchainNOCKBuy,$0.02031,0.84%,6.53%,39.03%,"$38.99M$38,991,828","$557,56927.44M",1.91B NOCK
514,HarryPotterObamaSonic10Inu (ERC-20)BITCOINBuy,$0.03882,0.06%,1.06%,11.71%,"$38.81M$38,813,965","$6,478,719167.15M",999.79M BITCOIN
515,Rootstock Infrastructure FrameworkRIFBuy,$0.03862,0.91%,7.57%,7.81%,"$38.63M$38,625,092","$2,874,30274.23M",1B RIF
516,IlluviumILVBuy,$5.67,0.78%,0.02%,4.10%,"$38.62M$38,621,087","$12,732,9612.23M",6.79M ILV
517,BlastBLASTBuy,$0.0007125,0.02%,0.08%,9.49%,"$38.62M$38,617,647","$4,399,8976.17B",54.19B BLAST
518,DeriveDRVBuy,$0.05229,0.35%,2.85%,19.58%,"$38.57M$38,565,551","$256,2134.89M",737.52M DRV
519,YalaYUBuy,$0.4579,0.00%,16.09%,13.36%,"$38.13M$38,129,760",--,83.25M YU
520,TronBankTBKBuy,$0.3747,1.17%,2.26%,35.35%,"$37.92M$37,922,336","$275,670735.52K",101.18M TBK
521,WAXWAXPBuy,$0.008354,0.11%,3.24%,2.35%,"$37.86M$37,856,791","$12,054,6121.44B",4.53B WAXP
522,ShentuCTKBuy,$0.2439,0.34%,2.20%,9.62%,"$37.81M$37,807,738","$3,933,53016.12M",154.97M CTK
523,IQIQBuy,$0.001538,0.34%,0.74%,6.99%,"$37.76M$37,758,336","$1,164,711757.03M",24.54B IQ
524,VenomVENOMBuy,$0.03777,0.06%,1.99%,5.38%,"$37.36M$37,358,501","$1,824,63048.27M",988.91M VENOM
525,UNIPOLYUNPBuy,$0.1703,0.25%,7.21%,6.17%,"$37.34M$37,344,460","$339,7681.99M",219.23M UNP
526,CornCORNBuy,$0.07105,0.26%,1.43%,0.56%,"$37.3M$37,302,732","$6,806,70995.92M",525M CORN
527,LABLABBuy,$0.1621,0.82%,0.45%,15.87%,"$37.37M$37,365,222","$8,627,71753.39M",230.4M LAB
528,Alphabet tokenized stock (xStock)GOOGLXBuy,$331.95,0.13%,1.69%,0.43%,"$37.05M$37,049,582","$16,903,04750.94K",111.6K GOOGLX
529,Smooth Love PotionSLPBuy,$0.001018,1.39%,15.23%,21.53%,"$37.12M$37,120,914","$41,012,65940.38B",36.44B SLP
530,ETHGasGWEIBuy,$0.02109,1.68%,22.13%,44.60%,"$36.91M$36,909,604","$67,371,1703.19B",1.75B GWEI
531,PropyPROBuy,$0.3687,0.05%,0.54%,1.89%,"$36.87M$36,871,108","$9,747,17026.42M",100M PRO
532,OLAXBTAIOBuy,$0.1600,0.14%,6.18%,1.60%,"$36.85M$36,850,895","$11,864,56774.12M",230.25M AIO
533,哈基米哈基米Buy,$0.03678,1.04%,4.66%,9.79%,"$36.79M$36,785,697","$4,766,121129.69M",1B 哈基米
534,DoodlesDOODBuy,$0.004701,0.89%,2.29%,13.18%,"$36.67M$36,674,365","$7,056,4661.50B",7.8B DOOD
535,HeyElsaELSABuy,$0.1583,0.59%,22.21%,48.29%,"$36.27M$36,270,119","$541,640,0993.38B",228.98M ELSA
536,AviciAVICIBuy,$2.84,0.82%,1.09%,38.51%,"$36.7M$36,701,207","$3,215,1321.13M",12.89M AVICI
537,MobileCoinMOBBuy,$0.1831,0.21%,14.61%,18.81%,"$36.34M$36,336,100","$20,995114.63K",198.39M MOB
538,ErgoERGBuy,$0.4374,1.20%,0.18%,10.68%,"$36.2M$36,202,328","$157,657360.41K",82.75M ERG
539,Ontology GasONGBuy,$0.08112,0.64%,0.01%,9.54%,"$35.82M$35,824,743","$1,373,87416.90M",441.6M ONG
540,TerraClassicUSDUSTCBuy,$0.006406,0.64%,0.72%,6.97%,"$35.76M$35,760,576","$1,934,514301.66M",5.58B USTC
541,Celo DollarCUSDBuy,$1.00,0.05%,0.01%,0.03%,"$35.56M$35,556,940","$687,883688.09K",35.55M CUSD
542,Manta NetworkMANTABuy,$0.07666,0.86%,8.25%,1.87%,"$35.4M$35,398,917","$17,973,508234.18M",461.71M MANTA
543,AnimecoinANIMEBuy,$0.006334,0.95%,1.36%,16.44%,"$35.09M$35,085,517","$12,755,3042.01B",5.53B ANIME
544,MEET48IDOLBuy,$0.03345,0.40%,5.07%,6.44%,"$35M$35,002,594","$8,859,241265.11M",1.04B IDOL
545,ResolvRESOLVBuy,$0.09948,1.35%,2.71%,27.69%,"$34.7M$34,703,643","$31,922,832318.88M",348.84M RESOLV
546,ChromiaCHRBuy,$0.04087,0.74%,3.85%,6.49%,"$34.83M$34,829,689","$4,009,55997.99M",852.13M CHR
547,AbeyABEYBuy,$0.03388,9.12%,5.59%,11.62%,"$35.01M$35,010,621","$219,7076.51M",1.03B ABEY
548,SteemSTEEMBuy,$0.06454,0.51%,0.01%,8.76%,"$34.7M$34,700,589","$5,818,50690.11M",537.6M STEEM
549,GigachadGIGABuy,$0.003720,0.84%,0.21%,18.52%,"$34.61M$34,606,230","$1,580,010424.72M",9.3B GIGA
550,BalancerBALBuy,$0.5060,0.39%,1.83%,8.62%,"$34.8M$34,804,412","$2,651,8645.27M",68.77M BAL
551,ZentryZENTBuy,$0.004319,2.72%,0.50%,2.63%,"$34.34M$34,338,039","$8,395,1681.93B",7.94B ZENT
552,Liquity USDLUSDBuy,$1.00,0.01%,0.05%,0.03%,"$34.32M$34,317,734","$15,86715.85K",34.29M LUSD
553,API3API3Buy,$0.3960,0.74%,0.95%,7.69%,"$34.23M$34,225,548","$9,339,54923.53M",86.42M API3
554,AevoAEVOBuy,$0.03728,1.26%,1.21%,8.58%,"$34.16M$34,157,934","$6,189,052165.41M",916.12M AEVO
555,MetisMETISBuy,$4.66,1.14%,0.71%,14.64%,"$34.08M$34,075,317","$5,176,9391.10M",7.29M METIS
556,SMARTSMARTBuy,$0.005070,0.12%,2.76%,0.48%,"$34.07M$34,072,886","$445,82688.26M",6.72B SMART
557,Lumera HealthLURBuy,$2.97,0.01%,0.06%,0.27%,"$33.92M$33,921,599",$9130.61,11.4M LUR
558,Phala NetworkPHABuy,$0.04089,1.65%,3.64%,6.45%,"$33.78M$33,775,542","$17,778,610433.97M",825.87M PHA
559,Mey NetworkMEYBuy,$0.1185,0.14%,1.53%,1.95%,"$33.7M$33,701,982","$465,6313.92M",284.3M MEY
560,HivemapperHONEYBuy,$0.006067,1.56%,0.89%,17.71%,"$33.64M$33,640,568","$572,45494.25M",5.54B HONEY
561,SATS (Ordinals)SATSBuy,$0.071593,0.96%,0.96%,15.95%,"$33.47M$33,472,739","$5,949,865372.79T",2.1P SATS
562,AmpleforthAMPLBuy,$1.18,0.17%,0.78%,7.96%,"$33.43M$33,426,107","$18,32515.51K",28.27M AMPL
563,Cobak TokenCBKBuy,$0.3338,0.08%,1.07%,4.00%,"$33.38M$33,383,098","$5,020,25715.03M",100M CBK
564,PAAL AIPAALBuy,$0.03332,3.42%,15.80%,15.80%,"$33.28M$33,277,980","$7,130,842213.96M",998.65M PAAL
565,Metal DAOMTLBuy,$0.3703,0.33%,1.71%,4.46%,"$33.02M$33,020,564","$1,433,9123.86M",89.15M MTL
566,TokenPocketTPTBuy,$0.009493,0.25%,2.24%,6.59%,"$32.91M$32,907,918","$81,9198.65M",3.46B TPT
567,AOAOBuy,$9.16,0.83%,0.40%,75.39%,"$32.21M$32,211,133","$4,523,228493.86K",3.51M AO
568,dKargoDKABuy,$0.006424,0.36%,4.45%,4.56%,"$32.12M$32,120,866","$3,878,406603.58M",5B DKA
569,DIADIABuy,$0.2673,0.62%,1.07%,6.14%,"$32M$32,001,135","$1,914,6447.13M",119.67M DIA
570,UchainUCNBuy,$639.71,0.64%,2.42%,30.56%,"$31.99M$31,985,687","$5,985,1579.33K",50K UCN
571,OpenLedgerOPENBuy,$0.1487,0.41%,1.41%,13.45%,"$32.05M$32,052,826","$5,231,99635.23M",215.5M OPEN
572,Goatseus MaximusGOATBuy,$0.03184,0.52%,0.63%,13.05%,"$31.85M$31,845,350","$6,157,850193.34M",999.98M GOAT
573,BifrostBFCBuy,$0.02310,0.74%,0.82%,2.27%,"$32.04M$32,038,597","$1,321,44457.59M",1.38B BFC
574,deBridgeDBRBuy,$0.01646,0.50%,3.58%,7.51%,"$31.68M$31,684,410","$7,815,226474.08M",1.92B DBR
575,Bounce TokenAUCTIONBuy,$4.79,0.76%,0.87%,11.96%,"$31.61M$31,607,421","$4,471,501931.01K",6.59M AUCTION
576,LiquityLQTYBuy,$0.3312,0.08%,3.71%,16.19%,"$31.65M$31,653,197","$4,602,05113.91M",95.55M LQTY
577,MediBlocMEDBuy,$0.002960,0.12%,1.83%,5.85%,"$31.51M$31,510,688","$1,885,295635.60M",10.64B MED
578,GameBuildGAMEBuy,$0.001690,0.07%,0.80%,2.25%,"$31.48M$31,475,942","$1,748,5401.03B",18.62B GAME
579,Across ProtocolACXBuy,$0.04715,1.21%,2.24%,12.52%,"$31.24M$31,239,138","$2,569,84154.23M",662.43M ACX
580,ConstellationDAGBuy,$0.01086,0.31%,0.46%,9.42%,"$31.23M$31,234,238","$590,48854.34M",2.87B DAG
581,AergoAERGOBuy,$0.06360,0.21%,0.97%,1.69%,"$31.17M$31,165,991","$15,588,986244.81M",489.99M AERGO
582,RailgunRAILBuy,$2.26,0.59%,14.34%,21.61%,"$31.16M$31,156,186","$1,296,264572.69K",13.76M RAIL
583,TROLL (SOL)TROLLBuy,$0.03093,0.78%,35.75%,7.02%,"$30.9M$30,902,958","$12,831,986413.29M",998.88M TROLL
584,TaikoTAIKOBuy,$0.1629,0.38%,0.19%,7.67%,"$31.01M$31,007,791","$3,075,02118.87M",190.24M TAIKO
585,AnomaXANBuy,$0.01229,0.54%,10.79%,24.73%,"$30.73M$30,727,414","$15,475,5171.25B",2.5B XAN
586,DeAgentAIAIABuy,$0.2090,0.08%,5.47%,106.95%,"$30.69M$30,689,557","$28,325,828135.25M",146.83M AIA
587,FiroFIROBuy,$1.68,0.01%,1.71%,8.79%,"$30.71M$30,711,351","$561,087332.00K",18.17M FIRO
588,CartesiCTSIBuy,$0.03398,0.66%,3.09%,3.89%,"$30.64M$30,640,049","$2,021,21659.39M",901.7M CTSI
589,EGL1EGL1Buy,$0.03055,0.10%,2.48%,8.01%,"$30.55M$30,550,058","$43,444,4561.42B",1B EGL1
590,SapienSAPIENBuy,$0.1218,0.73%,1.44%,9.37%,"$30.47M$30,472,743","$6,179,77450.63M",250M SAPIEN
591,Tokamak NetworkTOKAMAKBuy,$0.6939,0.02%,0.17%,7.40%,"$30.42M$30,423,237","$293,552423.08K",43.84M TOKAMAK
592,GoPlus SecurityGPSBuy,$0.007216,0.40%,8.63%,25.39%,"$30.45M$30,450,463","$7,166,121994.69M",4.21B GPS
593,QANplatformQANXBuy,$0.01701,1.85%,6.20%,2.18%,"$30.35M$30,351,596","$438,93225.78M",1.78B QANX
594,我踏马来了我踏马来了Buy,$0.02999,0.18%,10.57%,74.58%,"$29.99M$29,994,991","$252,727,4488.36B",1B 我踏马来了
595,AuroraAURORABuy,$0.04484,0.03%,0.47%,9.65%,"$30.21M$30,211,099","$382,1648.52M",673.6M AURORA
596,XaiXAIBuy,$0.01526,0.71%,0.72%,4.31%,"$29.94M$29,940,101","$21,912,8891.43B",1.96B XAI
597,USD CoinVertibleUSDCVBuy,$1.00,0.01%,0.01%,0.03%,"$29.98M$29,982,273","$116,770,879116.76M",29.98M USDCV
598,CheeleeCHEELBuy,$0.5265,0.24%,1.66%,5.90%,"$29.92M$29,920,825","$1,681,1193.19M",56.82M CHEEL
599,Uquid CoinUQCBuy,$2.97,0.00%,0.10%,6.63%,"$29.71M$29,713,379","$34,94611.76K",10M UQC
600,CalderaERABuy,$0.1972,0.56%,1.10%,10.86%,"$29.29M$29,288,512","$4,878,14824.71M",148.5M ERA
601,TreasureMAGICBuy,$0.09196,1.11%,0.20%,5.33%,"$29.21M$29,212,371","$8,203,18089.02M",317.62M MAGIC
602,Destra NetworkDSYNCBuy,$0.03020,0.35%,3.14%,27.13%,"$29.45M$29,451,383","$5,721,202190.72M",974.94M DSYNC
603,QuarkChainQKCBuy,$0.004047,0.41%,0.30%,7.41%,"$29.15M$29,152,608","$624,584153.87M",7.2B QKC
604,aixbtAIXBTBuy,$0.02913,0.98%,0.65%,14.79%,"$29.1M$29,100,438","$13,493,821463.19M",998.91M AIXBT
605,MarlinPONDBuy,$0.003532,0.55%,1.69%,8.53%,"$29.06M$29,062,769","$1,305,472369.59M",8.22B POND
606,TensorTNSRBuy,$0.06254,0.24%,1.36%,8.96%,"$28.87M$28,869,304","$10,232,032163.60M",461.6M TNSR
607,Hippo ProtocolHPBuy,$0.02231,0.20%,1.35%,0.83%,"$28.54M$28,542,796","$634,20128.41M",1.27B HP
608,Celer NetworkCELRBuy,$0.003631,0.47%,0.20%,11.92%,"$28.34M$28,339,037","$3,058,823842.27M",7.8B CELR
609,RenzoREZBuy,$0.004548,0.71%,1.69%,14.28%,"$28.3M$28,299,771","$5,693,9741.25B",6.22B REZ
610,USDBUSDBBuy,$0.9987,0.08%,0.06%,0.16%,"$28.28M$28,281,571","$663,238664.07K",28.31M USDB
611,tokenbotCLANKERBuy,$28.67,0.18%,12.30%,17.39%,"$28.28M$28,278,709","$15,733,444548.73K",986.27K CLANKER
612,iShares Silver Trust Tokenized ETF (Ondo)SLVonBuy,$87.18,0.08%,3.15%,4.09%,"$28.19M$28,194,972","$9,654,829110.73K",323.38K SLVon
613,THENATHEBuy,$0.2293,0.90%,2.84%,7.51%,"$28.14M$28,135,196","$7,147,08131.12M",122.65M THE
614,Folks FinanceFOLKSBuy,$2.30,0.58%,5.44%,31.80%,"$28.1M$28,099,377","$3,451,0571.49M",12.19M FOLKS
615,Osaka ProtocolOSAKBuy,$0.073691,3.11%,0.45%,22.36%,"$27.72M$27,720,800","$28,802780.15B",750.86T OSAK
616,AdsharesADSBuy,$0.7128,0.37%,0.63%,5.31%,"$27.61M$27,608,930","$1,851,7662.59M",38.72M ADS
617,Lorenzo ProtocolBANKBuy,$0.05229,1.14%,2.21%,7.63%,"$27.55M$27,549,778","$4,744,49690.72M",526.8M BANK
618,Electronic USDeUSDBuy,$0.9993,0.08%,0.00%,0.00%,"$27.48M$27,476,277","$606,418606.82K",27.49M eUSD
619,SPDR S&P 500 Tokenized ETF (Ondo)SPYonBuy,$692.87,0.02%,1.46%,0.59%,"$27.35M$27,351,063","$3,215,9954.64K",39.47K SPYon
620,DelysiumAGIBuy,$0.01645,1.03%,3.47%,7.32%,"$27.34M$27,341,610","$3,167,625192.44M",1.66B AGI
621,DymensionDYMBuy,$0.06077,0.31%,0.93%,8.93%,"$27.3M$27,304,203","$2,503,06741.18M",449.26M DYM
622,ChainGPTCGPTBuy,$0.03108,1.10%,1.22%,8.53%,"$27.24M$27,243,934","$4,999,454160.49M",876.46M CGPT
623,Owlto FinanceOWLBuy,$0.08265,0.17%,1.89%,17.41%,"$27.28M$27,277,317","$1,186,873,61314.37B",330M OWL
624,Sonic SVMSONICBuy,$0.05950,0.29%,0.08%,17.89%,"$27.24M$27,241,583","$28,747,297483.12M",457.79M SONIC
625,PepecoinPEPBuy,$0.0002672,0.01%,1.87%,20.07%,"$27.07M$27,066,681","$97,363362.35M",101.28B PEP
626,HyperlaneHYPERBuy,$0.1195,0.64%,0.56%,8.79%,"$27.15M$27,145,329","$5,269,53443.97M",227.1M HYPER
627,Global Commercial BusinessGCBBuy,$0.02262,0.01%,0.61%,5.34%,"$27.2M$27,197,516","$2,05790.90K",1.2B GCB
628,OrderlyORDERBuy,$0.07481,1.16%,0.50%,18.44%,"$27.16M$27,161,018","$5,087,47367.96M",363.05M ORDER
629,Holoworld AIHOLOBuy,$0.06647,1.03%,0.42%,12.12%,"$26.98M$26,977,912","$10,621,121159.12M",405.81M HOLO
630,MiraMIRABuy,$0.1205,0.70%,0.48%,11.62%,"$27M$26,999,240","$5,728,79147.49M",223.91M MIRA
631,PixelsPIXELBuy,$0.008434,0.93%,0.73%,9.68%,"$26.88M$26,883,991","$8,069,420955.25M",3.18B PIXEL
632,DecimalDELBuy,$0.002406,0.02%,3.43%,8.20%,"$26.76M$26,762,267","$374,636155.68M",11.12B DEL
633,AcurastACUBuy,$0.1203,1.62%,9.40%,32.34%,"$26.11M$26,111,450","$39,575,695321.23M",217M ACU
634,Wilder WorldWILDBuy,$0.05571,0.51%,3.70%,15.57%,"$26.7M$26,700,778","$429,7417.70M",479.22M WILD
635,BonfidaFIDABuy,$0.02660,1.93%,5.41%,22.66%,"$26.36M$26,361,735","$6,466,591242.10M",990.91M FIDA
636,B3 (Base)B3Buy,$0.0008274,0.89%,0.42%,13.13%,"$26.4M$26,404,371","$1,773,4522.13B",31.9B B3
637,Vine CoinVINEBuy,$0.02627,0.98%,3.65%,8.69%,"$26.28M$26,277,901","$4,873,569185.24M",999.99M VINE
638,Faith TribeFTRBBuy,$0.008168,0.50%,2.83%,4.34%,"$26.21M$26,210,274","$764,57793.69M",3.2B FTRB
639,VelvetVELVETBuy,$0.1385,0.05%,2.85%,6.77%,"$26.16M$26,159,052","$7,222,58652.11M",188.77M VELVET
640,DORADORABuy,$0.02638,0.01%,6.14%,8.54%,"$26.12M$26,119,763","$203,3857.70M",990.08M DORA
641,Swarm NetworkTRUTHBuy,$0.01251,0.13%,6.59%,5.91%,"$26.09M$26,092,114","$4,124,834330.26M",2.08B TRUTH
642,Everlyn AILYNBuy,$0.1016,0.19%,3.66%,37.64%,"$25.97M$25,973,149","$4,721,58146.42M",255.63M LYN
643,sUSDSUSDBuy,$0.7745,0.04%,1.85%,4.97%,"$25.98M$25,977,644","$156,398201.91K",33.53M SUSD
644,BraintrustBTRSTBuy,$0.1076,0.60%,4.30%,8.11%,"$25.99M$25,988,604","$69,889650.72K",241.34M BTRST
645,MAP ProtocolMAPOBuy,$0.004177,0.05%,0.47%,8.02%,"$25.81M$25,805,685","$663,087158.65M",6.17B MAPO
646,Pocket NetworkPOKTBuy,$0.01129,0.12%,0.13%,11.60%,"$25.71M$25,705,737","$744,29765.76M",2.27B POKT
647,WINkLinkWINBuy,$0.00002583,0.56%,0.14%,7.33%,"$25.67M$25,668,279","$6,883,355266.39B",993.7B WIN
648,CoreumCOREUMBuy,$0.06644,2.19%,13.38%,13.97%,"$25.57M$25,566,906","$516,2457.75M",384.79M COREUM
649,SuperWalkGRNDBuy,$0.03555,0.10%,0.34%,0.23%,"$25.53M$25,531,411","$119,4133.37M",718.15M GRND
650,Echelon PrimePRIMEBuy,$0.7059,0.26%,0.25%,5.35%,"$25.25M$25,254,079","$7,846,31611.14M",35.77M PRIME
651,Wirex TokenWXTBuy,$0.002497,0.18%,2.07%,0.91%,"$24.98M$24,976,082","$326,550129.72M",10B WXT
652,Titan's TapTITBuy,$0.0008172,0.38%,0.07%,29.42%,"$25.08M$25,080,043","$60,57173.84M",30.68B TIT
653,DefinitiveEDGEBuy,$0.1233,0.50%,0.52%,16.51%,"$25.04M$25,042,228","$947,6577.66M",203.02M EDGE
654,Baby Shark UniverseBSUBuy,$0.1487,0.90%,1.29%,0.07%,"$24.99M$24,994,187","$54,394,568365.29M",168M BSU
655,MetaMask USDmUSDBuy,$0.9997,0.00%,0.00%,0.01%,"$24.98M$24,979,290","$7,035,0127.03M",24.98M mUSD
656,Isiklar CoinISIKCBuy,$0.2477,0.10%,0.07%,0.05%,"$24.78M$24,777,273","$453,3671.82M",100M ISIKC
657,Adventure GoldAGLDBuy,$0.2853,0.04%,6.07%,0.40%,"$24.72M$24,715,760","$12,835,10844.95M",86.61M AGLD
658,PonkePONKEBuy,$0.04445,1.32%,1.02%,18.23%,"$24.7M$24,696,040","$5,759,074129.83M",555.54M PONKE
659,HumidifiWETBuy,$0.1064,1.01%,2.97%,18.11%,"$24.48M$24,483,713","$12,352,566115.70M",230M WET
660,Ampleforth Governance TokenFORTHBuy,$1.70,0.86%,0.19%,0.87%,"$24.41M$24,408,339","$2,003,0641.17M",14.34M FORTH
661,SymbolXYMBuy,$0.003840,0.05%,0.55%,15.56%,"$24.37M$24,372,123","$117,92230.71M",6.34B XYM
662,Realio NetworkRIOBuy,$0.1649,0.65%,1.98%,0.89%,"$24.32M$24,319,696","$1,154,7567.00M",147.47M RIO
663,ClearpoolCPOOLBuy,$0.02691,0.08%,2.42%,13.45%,"$24.32M$24,319,763","$1,639,57360.94M",903.58M CPOOL
664,MoonriverMOVRBuy,$2.29,0.62%,0.41%,10.38%,"$24.27M$24,269,255","$2,427,3231.05M",10.58M MOVR
665,AriaAIARIABuy,$0.08621,1.17%,2.24%,14.79%,"$24.23M$24,229,987","$2,534,89729.39M",281.05M ARIA
666,IAGONIAGBuy,$0.06426,0.19%,1.69%,11.77%,"$24.17M$24,166,511","$159,6472.48M",376.02M IAG
667,ANyONe ProtocolANYONEBuy,$0.2469,0.44%,4.80%,7.34%,"$24.08M$24,075,018","$1,881,8067.60M",97.49M ANYONE
668,AVA (Travala)AVABuy,$0.3369,0.78%,0.05%,0.57%,"$23.95M$23,945,132","$5,430,15416.11M",71.05M AVA
669,Banana GunBANANABuy,$5.95,0.88%,0.68%,19.54%,"$23.88M$23,875,521","$5,824,116976.42K",4M BANANA
670,Lucidum CoinLUCICBuy,$0.1441,0.28%,0.45%,15.83%,"$23.66M$23,663,310","$63,987442.26K",164.1M LUCIC
671,OhoOHOBuy,$0.0009827,0.27%,1.31%,6.47%,"$23.71M$23,708,147","$186,828190.36M",24.12B OHO
672,Gains NetworkGNSBuy,$0.9182,0.23%,1.11%,4.73%,"$23.74M$23,738,074","$3,410,3943.72M",25.85M GNS
673,ElectroneumETNBuy,$0.001313,1.95%,1.32%,3.25%,"$23.63M$23,625,095","$370,694282.41M",17.97B ETN
674,Locus ChainLOCUSBuy,$0.01133,0.04%,3.42%,18.01%,"$23.59M$23,587,328","$147,01712.96M",2.08B LOCUS
675,Invesco QQQ Tokenized ETF (Ondo)QQQonBuy,$622.44,0.02%,1.76%,0.59%,"$23.53M$23,534,242","$4,821,6267.74K",37.8K QQQon
676,zkPassZKPBuy,$0.1157,2.05%,3.30%,8.19%,"$23.34M$23,336,179","$27,987,424240.08M",201.66M ZKP
677,SophonSOPHBuy,$0.01170,0.72%,2.01%,11.43%,"$23.41M$23,412,761","$30,921,3372.63B",2B SOPH
678,BoundlessZKCBuy,$0.1022,1.69%,2.78%,8.75%,"$23.31M$23,305,179","$15,777,854153.67M",227.97M ZKC
679,DolomiteDOLOBuy,$0.05288,1.16%,0.22%,22.77%,"$23.36M$23,356,543","$10,649,837201.12M",441.62M DOLO
680,AvailAVAILBuy,$0.006339,0.92%,6.52%,9.27%,"$23.23M$23,227,133","$2,842,987447.77M",3.66B AVAIL
681,MoonbeamGLMRBuy,$0.02231,0.29%,0.75%,3.69%,"$23.24M$23,240,097","$2,414,342108.11M",1.04B GLMR
682,NYMNYMBuy,$0.02827,0.90%,0.42%,15.05%,"$23.34M$23,336,770","$2,145,85276.36M",825.4M NYM
683,JOEJOEBuy,$0.05726,1.03%,1.29%,7.63%,"$23.11M$23,108,721","$2,238,94139.03M",403.57M JOE
684,CatizenCATIBuy,$0.05913,0.13%,0.24%,1.18%,"$23.12M$23,115,387","$4,659,88978.79M",390.86M CATI
685,WalletConnect TokenWCTBuy,$0.07215,1.05%,1.76%,7.08%,"$23.04M$23,044,923","$11,786,752163.05M",319.35M WCT
686,DegenDEGENBuy,$0.001097,0.79%,0.84%,18.01%,"$23.06M$23,058,933","$3,492,7323.18B",21.01B DEGEN
687,NVIDIA tokenized stock (xStock)NVDAXBuy,$184.53,0.23%,1.92%,2.22%,"$23.06M$23,057,711","$20,863,438113.08K",124.95K NVDAX
688,Lava NetworkLAVABuy,$0.08638,0.09%,0.34%,9.39%,"$22.85M$22,849,846","$2,097,21824.24M",264.5M LAVA
689,Gods UnchainedGODSBuy,$0.05514,1.12%,5.50%,5.22%,"$22.85M$22,850,754","$700,43012.75M",414.37M GODS
690,ARPAARPABuy,$0.01488,0.55%,10.05%,17.32%,"$22.61M$22,611,668","$37,092,9772.48B",1.51B ARPA
691,STBLSTBLBuy,$0.04488,1.37%,3.23%,17.44%,"$22.44M$22,440,263","$5,101,235113.34M",500M STBL
692,ArcBlockABTBuy,$0.2282,0.08%,8.05%,13.39%,"$22.49M$22,493,831","$800,0293.51M",98.55M ABT
693,WayfinderPROMPTBuy,$0.05504,0.09%,1.94%,11.94%,"$22.36M$22,361,792","$6,562,121118.98M",406.28M PROMPT
694,MovieBlocMBLBuy,$0.001172,0.48%,0.91%,5.05%,"$22.29M$22,290,068","$2,599,2122.21B",19B MBL
695,Comtech GoldCGOBuy,$157.77,0.19%,1.48%,6.16%,"$22.25M$22,246,752","$1,018,1066.43K",141K CGO
696,Coin98C98Buy,$0.02221,0.86%,0.80%,6.86%,"$22.21M$22,214,907","$4,949,332222.86M",999.99M C98
697,BENQIQIBuy,$0.003087,0.48%,0.67%,7.64%,"$22.23M$22,227,026","$766,649248.84M",7.2B QI
698,StrikeXSTRXBuy,$0.02534,0.11%,5.85%,9.68%,"$22.12M$22,121,495","$39,6161.56M",872.68M STRX
699,MetaplexMPLXBuy,$0.04218,0.39%,4.93%,15.31%,"$22.11M$22,114,559","$3,132,42474.23M",524.21M MPLX
700,OrchidOXTBuy,$0.02189,0.69%,0.19%,9.85%,"$21.83M$21,832,330","$1,434,56165.36M",997.21M OXT
701,Artificial Liquid IntelligenceALIBuy,$0.002397,0.00%,0.26%,22.14%,"$21.86M$21,864,563","$132,76455.36M",9.11B ALI
702,iShares Core S&P 500 Tokenized ETF (Ondo)IVVonBuy,$696.71,0.05%,1.48%,0.59%,"$21.86M$21,856,441","$5,2177.48",31.37K IVVon
703,Act I : The AI ProphecyACTBuy,$0.02296,1.07%,0.59%,7.46%,"$21.78M$21,780,274","$16,652,689725.00M",948.24M ACT
704,XphereXPBuy,$0.008834,0.02%,3.00%,12.62%,"$21.68M$21,678,145","$575,28065.11M",2.45B XP
705,YieldBasisYBBuy,$0.2456,1.00%,0.50%,33.69%,"$21.59M$21,593,910","$7,115,89928.97M",87.91M YB
706,NillionNILBuy,$0.07332,1.49%,9.40%,4.23%,"$21.47M$21,469,206","$4,983,42067.96M",292.78M NIL
707,Cetus ProtocolCETUSBuy,$0.02384,0.57%,0.32%,10.84%,"$21.39M$21,388,373","$4,858,030203.76M",897.1M CETUS
708,FusionistACEBuy,$0.2456,1.04%,1.07%,5.78%,"$21.39M$21,385,721","$8,591,94734.97M",87.04M ACE
709,AuraAURABuy,$0.02212,0.90%,10.06%,19.99%,"$21.31M$21,314,630","$1,661,19275.07M",963.28M AURA
710,Polyhedra NetworkZKJBuy,$0.03673,0.08%,1.21%,8.52%,"$21.3M$21,304,368","$2,687,42773.14M",579.88M ZKJ
711,ChainbaseCBuy,$0.06893,0.78%,1.86%,12.97%,"$21.15M$21,153,810","$3,025,17043.88M",306.85M C
712,OpenServSERVBuy,$0.02811,7.19%,30.96%,12.90%,"$21.08M$21,083,563","$1,740,70061.92M",750M SERV
713,Circle tokenized stock (xStock)CRCLXBuy,$71.29,1.07%,0.38%,11.91%,"$21M$21,002,492","$20,736,170290.86K",294.59K CRCLX
714,Simon's CatCATBuy,$0.052771,0.50%,1.14%,6.73%,"$20.97M$20,969,062","$6,053,7352.18T",7.56T CAT
715,SuperRareRAREBuy,$0.02540,0.57%,6.74%,12.70%,"$20.95M$20,953,485","$11,230,930442.08M",824.8M RARE
716,Maverick ProtocolMAVBuy,$0.02481,0.43%,1.92%,3.72%,"$20.92M$20,921,085","$3,150,021126.92M",842.95M MAV
717,TARS AITAIBuy,$0.02344,1.86%,6.48%,19.36%,"$20.92M$20,917,738","$1,295,16255.24M",892.18M TAI
718,MangoMNGOBuy,$0.01861,0.02%,2.61%,4.27%,"$20.8M$20,800,135","$6,182332.13K",1.11B MNGO
719,ZEROBASEZBTBuy,$0.09440,1.08%,0.70%,14.65%,"$20.77M$20,768,469","$11,882,224125.86M",220M ZBT
720,DOGSDOGSBuy,$0.00004018,1.07%,1.03%,10.49%,"$20.76M$20,763,337","$6,719,385167.22B",516.75B DOGS
721,OWBOWBBuy,$0.04553,1.21%,5.74%,55.50%,"$20.73M$20,726,273","$461,91910.14M",455.13M OWB
722,雪球雪球Buy,$0.03324,1.87%,17.03%,34.67%,"$20.72M$20,715,759","$4,182,205125.81M",623.19M 雪球
723,Energy Web TokenEWTBuy,$0.6889,0.14%,2.33%,12.84%,"$20.71M$20,710,187","$412,339598.53K",30.06M EWT
724,CoinEx TokenCETBuy,$0.02902,0.06%,0.48%,14.78%,"$20.57M$20,569,058","$51,5391.77M",708.63M CET
725,Vulcan Forged (PYR)PYRBuy,$0.4571,0.20%,0.45%,6.74%,"$20.54M$20,544,038","$3,392,6987.42M",44.94M PYR
726,MAX Exchange TokenMAXBuy,$0.3211,0.29%,0.41%,0.41%,"$20.53M$20,532,692","$16,11150.16K",63.93M MAX
727,SynFuturesFBuy,$0.006124,0.72%,1.00%,8.60%,"$20.23M$20,226,296","$3,716,224606.77M",3.3B F
728,JanctionJCTBuy,$0.001755,0.20%,3.29%,22.37%,"$20.18M$20,176,182","$4,388,4482.49B",11.49B JCT
729,EclipseESBuy,$0.1514,0.06%,2.61%,11.16%,"$20.09M$20,086,887","$8,421,65755.61M",132.64M ES
730,MetadiumMETABuy,$0.01155,0.58%,0.68%,0.23%,"$19.96M$19,955,654","$347,67229.94M",1.72B META
731,MubarakMUBARAKBuy,$0.02003,1.01%,0.49%,4.07%,"$20.04M$20,035,583","$9,806,948489.09M",1B MUBARAK
732,Nasdaq tokenized ETF (xStock)QQQXBuy,$622.11,0.06%,1.72%,0.44%,"$20.03M$20,033,405","$4,181,0996.72K",32.2K QQQX
733,Inverse FinanceINVBuy,$27.54,0.36%,0.05%,6.79%,"$19.99M$19,990,835","$65,8832.39K",725.65K INV
734,Planet IX(formerly IX token)IXTBuy,$0.1518,0.67%,6.56%,26.77%,"$19.96M$19,963,102","$5,40935.61K",131.43M IXT
735,44Buy,$0.01991,1.21%,5.00%,19.65%,"$19.91M$19,913,079","$8,771,593440.49M",1B 4
736,Origin ProtocolOGNBuy,$0.02995,0.32%,0.55%,8.01%,"$19.8M$19,795,018","$2,869,86395.80M",660.81M OGN
737,Newton ProtocolNEWTBuy,$0.09156,0.62%,0.09%,9.88%,"$19.69M$19,687,266","$5,026,99854.89M",215M NEWT
738,Boba NetworkBOBABuy,$0.03977,0.20%,2.39%,5.44%,"$19.63M$19,634,581","$942,68523.66M",493.58M BOBA
739,Collector CryptCARDSBuy,$0.05140,2.13%,4.14%,33.78%,"$19.55M$19,547,889","$1,826,38735.43M",380.26M CARDS
740,aPrioriAPRBuy,$0.1056,0.10%,1.77%,17.66%,"$19.54M$19,537,153","$9,026,25085.47M",185M APR
741,NominaNOMBuy,$0.006734,0.62%,1.71%,14.60%,"$19.53M$19,529,248","$5,175,215768.49M",2.9B NOM
742,SolendSLNDBuy,$0.1951,0.01%,1.53%,2.27%,"$19.51M$19,514,273",--,100M SLND
743,Vanar ChainVANRYBuy,$0.008742,0.52%,2.73%,5.30%,"$19.45M$19,454,634","$3,512,845401.80M",2.22B VANRY
744,elizaOSELIZAOSBuy,$0.002593,2.00%,2.69%,14.43%,"$19.41M$19,407,454","$12,636,9034.87B",7.48B ELIZAOS
745,ElastosELABuy,$0.8410,0.01%,1.29%,14.91%,"$19.4M$19,397,497","$261,550310.99K",23.06M ELA
746,Graphite ProtocolGPBuy,$0.5584,0.21%,0.98%,7.15%,"$19.3M$19,297,015","$783,9041.40M",34.55M GP
747,GemsGEMSBuy,$0.03204,0.75%,0.36%,10.67%,"$19.19M$19,192,760","$720,79022.47M",598.86M GEMS
748,MetaMUIMMUIBuy,$0.04029,0.01%,0.06%,0.50%,"$19.19M$19,191,112","$479,85011.90M",476.24M MMUI
749,Naoris ProtocolNAORISBuy,$0.03252,3.63%,11.42%,10.35%,"$19.49M$19,488,211","$15,828,693494.99M",599.26M NAORIS
750,DentDENTBuy,$0.0001911,0.12%,0.54%,10.68%,"$19.12M$19,118,851","$1,827,0489.56B",99.99B DENT
751,PIVXPIVXBuy,$0.1915,0.56%,8.31%,32.26%,"$19.15M$19,145,968","$4,883,71425.58M",99.95M PIVX
752,Epic ChainEPICBuy,$0.5674,0.80%,0.15%,5.93%,"$19.07M$19,065,328","$4,301,9027.58M",33.6M EPIC
753,READY!READYBuy,$0.01895,0.21%,0.78%,11.93%,"$18.95M$18,950,986","$78,3854.13M",1B READY
754,Velodrome FinanceVELOBuy,$0.02068,1.08%,0.61%,12.39%,"$18.93M$18,926,966","$2,820,300136.30M",915.2M VELO
755,1 coin can change your life1Buy,$0.01857,3.78%,5.30%,2.59%,"$18.58M$18,575,900","$2,924,096157.52M",999.86M 1
756,CZ's DogBROCCOLIBuy,$0.01931,1.38%,1.87%,13.14%,"$18.75M$18,748,907","$15,760,687812.89M",970.45M BROCCOLI
757,BitlightLIGHTBuy,$0.4353,1.19%,0.07%,22.17%,"$18.75M$18,745,087","$3,973,9939.10M",43.05M LIGHT
758,IkaIKABuy,$0.006249,0.51%,4.97%,21.15%,"$18.75M$18,748,355","$11,784,9891.88B",3B IKA
759,Cookie DAOCOOKIEBuy,$0.02897,0.87%,1.88%,23.90%,"$18.78M$18,775,709","$3,001,498103.67M",647.94M COOKIE
760,Solv ProtocolSOLVBuy,$0.01260,0.74%,9.35%,2.28%,"$18.69M$18,691,446","$7,655,745607.56M",1.48B SOLV
761,BOB (Build on Bitcoin)BOBBuy,$0.008411,0.75%,3.86%,20.18%,"$18.67M$18,674,084","$4,687,273557.59M",2.22B BOB
762,RecallRECALLBuy,$0.08478,0.49%,5.34%,14.49%,"$18.65M$18,654,170","$3,314,73739.09M",220.02M RECALL
763,FLock.ioFLOCKBuy,$0.06979,1.01%,1.92%,22.00%,"$18.53M$18,529,958","$3,155,04745.16M",265.47M FLOCK
764,LimeWireLMWRBuy,$0.04199,0.64%,5.16%,12.99%,"$18.49M$18,491,475","$2,075,14349.41M",440.36M LMWR
765,MARBLEXMBXBuy,$0.06885,0.15%,0.79%,9.70%,"$18.45M$18,453,651","$429,5976.23M",268.01M MBX
766,PolySwarmNCTBuy,$0.009799,0.98%,1.58%,10.26%,"$18.48M$18,477,252","$997,104101.84M",1.88B NCT
767,SideShift TokenXAIBuy,$0.1277,0.07%,14.69%,14.43%,"$18.43M$18,432,624",--,144.29M XAI
768,StakeStoneSTOBuy,$0.08102,0.81%,7.84%,7.52%,"$18.26M$18,258,200","$26,665,141328.12M",225.33M STO
769,iShares 20+ Year Treasury Bond Tokenized ETF (Ondo)TLTonBuy,$89.35,0.03%,0.99%,0.94%,"$18.3M$18,295,886","$1,735,35719.42K",204.75K TLTon
770,Public Masterpiece TokenPMTBuy,$0.1116,0.14%,0.13%,1.05%,"$18.31M$18,307,354","$480,3604.31M",164.03M PMT
771,OKZOOAIOTBuy,$0.07199,0.12%,0.29%,14.03%,"$18.23M$18,231,755","$2,152,53229.94M",253.24M AIOT
772,Beta FinanceBETABuy,$0.01825,0.23%,15.13%,9.58%,"$18.26M$18,258,734","$33,2511.83M",1B BETA
773,KernelDAOKERNELBuy,$0.06295,0.74%,0.31%,14.98%,"$18.02M$18,023,700","$6,206,25798.58M",286.3M KERNEL
774,HashflowHFTBuy,$0.02618,1.10%,0.78%,7.34%,"$17.99M$17,985,498","$4,629,223176.61M",686.79M HFT
775,LOOKLOOKBuy,$0.01890,2.83%,2.27%,13.45%,"$17.44M$17,437,552","$334,38517.19M",922.37M LOOK
776,SharpSHARPBuy,$0.006670,0.18%,0.90%,6.82%,"$17.93M$17,926,529","$402,97260.40M",2.68B SHARP
777,PufferPUFFERBuy,$0.04811,0.00%,3.63%,15.21%,"$17.8M$17,800,290","$5,255,881109.23M",369.95M PUFFER
778,SUPERFORTUNEGUABuy,$0.1424,0.26%,0.96%,7.85%,"$17.81M$17,812,353","$16,114,593113.17M",125M GUA
779,Magma FinanceMAGMABuy,$0.09349,0.78%,0.21%,26.65%,"$17.76M$17,764,987","$2,375,61625.40M",190M MAGMA
780,SagaSAGABuy,$0.05144,0.94%,3.73%,11.80%,"$17.68M$17,677,969","$11,493,751223.06M",343.64M SAGA
781,Tesla Tokenized Stock (Ondo)TSLAonBuy,$447.41,0.22%,4.85%,1.18%,"$17.67M$17,665,821","$14,272,78131.93K",39.48K TSLAon
782,WazirXWRXBuy,$0.04620,0.21%,2.55%,6.45%,"$17.64M$17,642,018","$40,884885.28K",381.85M WRX
783,IXSIXSBuy,$0.09798,0.99%,3.55%,15.30%,"$17.64M$17,636,656","$158,4631.61M",180M IXS
784,EverscaleEVERBuy,$0.008838,0.42%,3.75%,9.47%,"$17.55M$17,548,965","$60,3776.82M",1.98B EVER
785,Bone ShibaSwapBONEBuy,$0.07612,0.53%,0.62%,13.87%,"$17.5M$17,503,883","$724,7489.52M",229.92M BONE
786,Hunt TownHUNTBuy,$0.1386,0.17%,0.77%,6.93%,"$17.49M$17,490,535","$113,327817.55K",126.16M HUNT
787,Torch of LibertyLIBERTYBuy,$0.01747,0.15%,1.50%,16.68%,"$17.48M$17,476,455","$730,25541.77M",1B LIBERTY
788,OG Fan TokenOGBuy,$3.84,0.67%,6.08%,7.08%,"$17.49M$17,493,840","$19,442,0625.07M",4.55M OG
789,RollXROLLBuy,$0.1131,3.76%,8.15%,13.18%,"$17.54M$17,536,082","$1,580,756,14114.04B",155M ROLL
790,CheckmateCHECKBuy,$0.08678,1.67%,14.13%,7.29%,"$17.43M$17,431,402","$8,878,044102.30M",200.86M CHECK
791,WibegramWIBEBuy,$0.8545,0.19%,1.00%,10.28%,"$17.42M$17,421,235","$579,056678.14K",20.38M WIBE
792,AlchemixALCXBuy,$6.93,0.32%,0.80%,8.86%,"$17.41M$17,410,146","$1,059,812153.37K",2.51M ALCX
793,Apu ApustajaAPUBuy,$0.00005099,1.10%,0.02%,19.46%,"$17.23M$17,229,693","$644,09012.61B",337.89B APU
794,SUPRASUPRABuy,$0.0007636,0.68%,4.31%,11.23%,"$17.11M$17,105,718","$952,3481.23B",22.4B SUPRA
795,MyNeighborAliceALICEBuy,$0.1718,1.71%,1.58%,1.47%,"$17.22M$17,221,105","$10,116,96058.83M",100.22M ALICE
796,ZircuitZRCBuy,$0.003671,1.51%,11.68%,12.90%,"$17.07M$17,070,970","$10,375,4362.80B",4.64B ZRC
797,RadworksRADBuy,$0.2904,0.84%,0.34%,4.54%,"$17.16M$17,157,506","$1,938,9816.67M",59.07M RAD
798,IntuitionTRUSTBuy,$0.09468,0.91%,1.74%,13.81%,"$17.01M$17,009,679","$4,179,14943.91M",179.64M TRUST
799,Yee TokenYEEBuy,$0.01696,2.64%,0.71%,27.18%,"$16.97M$16,967,067","$2,828,312166.30M",1B YEE
800,INFINITINBuy,$0.05849,0.33%,0.03%,13.54%,"$16.89M$16,885,358","$3,109,89753.03M",288.67M IN
801,FUNTokenFUNBuy,$0.001564,1.02%,1.85%,17.48%,"$16.91M$16,909,129","$12,800,2648.18B",10.8B FUN
802,INFINITINBuy,$0.05849,0.33%,0.03%,13.54%,"$16.89M$16,885,358","$3,109,89753.14M",288.67M IN
803,AlloraALLOBuy,$0.08415,1.53%,0.29%,16.09%,"$16.87M$16,873,802","$9,580,626113.84M",200.5M ALLO
804,Sleepless AIAIBuy,$0.03582,0.54%,0.58%,7.18%,"$16.87M$16,873,004","$4,414,911123.23M",470.99M AI
805,SaucerSwapSAUCEBuy,$0.01922,0.60%,0.86%,12.78%,"$16.81M$16,812,239","$67,5143.51M",874.28M SAUCE
806,SyscoinSYSBuy,$0.01980,0.27%,1.31%,2.49%,"$16.81M$16,810,949","$2,710,076136.86M",848.97M SYS
807,Solidus Ai TechAITECHBuy,$0.009558,0.75%,2.80%,9.95%,"$16.76M$16,759,002","$4,177,682437.04M",1.75B AITECH
808,ROGin AIROGBuy,$0.2501,0.14%,0.22%,1.80%,"$16.76M$16,756,660","$108,182432.49K",66.98M ROG
809,Argentine Football Association Fan TokenARGBuy,$1.07,0.04%,5.15%,3.33%,"$16.74M$16,743,316","$1,846,0771.72M",15.64M ARG
810,HighstreetHIGHBuy,$0.2135,0.81%,2.36%,2.21%,"$16.74M$16,735,358","$4,693,69821.98M",78.37M HIGH
811,TownsTOWNSBuy,$0.006162,0.77%,0.90%,9.94%,"$16.73M$16,731,300","$6,741,8381.09B",2.71B TOWNS
812,Ice Open NetworkICEBuy,$0.002527,0.08%,0.50%,3.77%,"$16.72M$16,721,751","$52,62720.81M",6.61B ICE
813,StarpowerSTARBuy,$0.08989,0.09%,1.86%,8.27%,"$16.71M$16,710,482","$111,463,7621.23B",185.87M STAR
814,SP500 tokenized ETF (xStock)SPYXBuy,$690.40,0.01%,1.42%,0.63%,"$16.67M$16,672,745","$4,527,2346.55K",24.14K SPYX
815,DIAMDIAMBuy,$0.008984,0.08%,0.26%,4.48%,"$16.52M$16,523,669","$305,53034.00M",1.83B DIAM
816,FreysaFAIBuy,$0.001999,0.15%,1.64%,10.69%,"$16.37M$16,372,672","$532,793264.96M",8.18B FAI
817,ResearchCoinRSCBuy,$0.1258,1.05%,0.44%,12.21%,"$16.31M$16,306,934","$631,9445.00M",129.55M RSC
818,GRIFFAINGRIFFAINBuy,$0.01635,0.36%,2.11%,11.47%,"$16.36M$16,357,915","$4,389,199268.29M",999.88M GRIFFAIN
819,Hermez NetworkHEZBuy,$3.47,0.29%,0.13%,2.72%,"$16.33M$16,331,521","$55,63416.01K",4.7M HEZ
820,BlessBLESSBuy,$0.008835,1.51%,0.55%,15.80%,"$16.27M$16,272,098","$4,988,585563.04M",1.84B BLESS
821,Just a chill guyCHILLGUYBuy,$0.01623,1.42%,1.15%,24.28%,"$16.24M$16,237,347","$5,657,199347.71M",999.94M CHILLGUY
822,CONXXPLABuy,$0.01827,0.56%,1.49%,6.22%,"$16.3M$16,304,869","$518,95228.39M",892.23M XPLA
823,Alpha Quark TokenAQTBuy,$0.6039,0.01%,1.74%,3.10%,"$16.19M$16,190,211","$1,869,9023.09M",26.8M AQT
824,PhoenixPHBBuy,$0.2603,0.43%,1.38%,6.37%,"$16.18M$16,175,527","$3,057,66511.74M",62.11M PHB
825,StaderSDBuy,$0.2361,0.39%,0.10%,9.17%,"$16.16M$16,163,225","$3,368,61614.30M",68.43M SD
826,Unicorn Fart DustUFDBuy,$0.01613,0.02%,11.69%,14.49%,"$16.13M$16,132,934","$4,387,582272.30M",1B UFD
827,Circle Internet Group Tokenized Stock (Ondo)CRCLonBuy,$71.24,0.92%,0.30%,11.93%,"$16.04M$16,039,405","$9,618,146134.95K",225.14K CRCLon
828,Automata NetworkATABuy,$0.01729,0.70%,0.25%,2.46%,"$15.94M$15,942,515","$9,342,569540.24M",921.89M ATA
829,GameStop (gamestop-coin.vip)GMEBuy,$0.00003862,0.38%,2.91%,2.33%,"$15.89M$15,888,308","$175,7504.54B",411.29B GME
830,GaiAIGAIXBuy,$0.09684,0.18%,8.98%,19.94%,"$15.9M$15,898,028","$45,264,997468.49M",164.16M GAIX
831,MWX TokenMWXTBuy,$0.1594,0.61%,11.34%,16.71%,"$15.93M$15,930,319","$2,204,34813.90M",99.93M MWXT
832,iShares Core MSCI EAFE Tokenized ETF (Ondo)IEFAonBuy,$94.12,0.01%,1.39%,0.21%,"$15.75M$15,753,913","$3,443,51836.58K",167.37K IEFAon
833,Moss CoinMOCBuy,$0.03567,0.21%,2.53%,2.40%,"$15.71M$15,712,270","$299,7988.40M",440.48M MOC
834,FirmaChainFCTBuy,$0.01415,0.14%,1.91%,3.09%,"$15.71M$15,707,357","$1,682,791119.00M",1.1B FCT
835,GoldfinchGFIBuy,$0.1847,0.15%,1.44%,14.94%,"$15.72M$15,716,557","$176,668957.83K",85.08M GFI
836,ANDY (ETH)ANDYBuy,$0.00001563,1.32%,10.65%,26.42%,"$15.64M$15,639,688","$521,53033.34B",1T ANDY
837,Orochi NetworkONBuy,$0.1082,0.10%,1.57%,12.33%,"$15.62M$15,624,447","$26,838,126247.88M",144.27M ON
838,Agoras: Tau NetAGRSBuy,$0.5220,0.07%,0.58%,1.54%,"$15.59M$15,589,273","$3,0145.77K",29.86M AGRS
839,MyShellSHELLBuy,$0.04799,1.64%,0.60%,2.03%,"$15.51M$15,511,855","$11,358,757236.64M",323.16M SHELL
840,Bitcoin DiamondBCDBuy,$0.08311,0.22%,1.07%,46.41%,"$15.5M$15,500,721",--,186.49M BCD
841,Hey AnonANONBuy,$1.13,0.66%,3.18%,6.52%,"$15.25M$15,252,096","$703,810618.86K",13.41M ANON
842,Alien WorldsTLMBuy,$0.002348,0.99%,0.71%,0.05%,"$15.2M$15,198,318","$15,111,7716.43B",6.47B TLM
843,Nexa (nexaagent.xyz)NXABuy,$1.51,0.39%,0.97%,6.73%,"$15.18M$15,182,314","$150,85999.35K",10M NXA
844,YoungYNGBuy,$0.5617,0.00%,0.15%,2.43%,"$15.17M$15,167,233","$25,87246.05K",27M YNG
845,ThunderCoreTTBuy,$0.001152,0.09%,0.16%,5.87%,"$15.15M$15,150,470","$312,707271.24M",13.14B TT
846,EllipsisEPSBuy,$0.02090,0.00%,1.56%,4.98%,"$15.13M$15,131,443",--,723.7M EPS
847,FelysyumFELYBuy,$0.3457,0.05%,2.66%,3.80%,"$15.13M$15,130,895","$52,470151.79K",43.76M FELY
848,AraracoinARARABuy,$0.0004170,0.13%,0.15%,0.99%,"$15.12M$15,116,405","$12,30329.51M",36.25B ARARA
849,Ancient8A8Buy,$0.03407,0.20%,7.88%,27.62%,"$15.11M$15,109,112","$6,290,783184.70M",443.38M A8
850,MetFiMETFIBuy,$0.05444,0.54%,0.48%,8.39%,"$15.08M$15,078,972","$43,868805.09K",276.98M METFI
851,LumiaLUMIABuy,$0.1067,0.15%,1.12%,12.12%,"$15.11M$15,107,536","$2,109,56219.79M",141.49M LUMIA
852,BanxchangeBXEBuy,$0.05000,0.53%,23.01%,27.39%,"$15.04M$15,042,243","$323,6756.46M",300.81M BXE
853,NeutronNTRNBuy,$0.02273,0.92%,2.48%,14.73%,"$15.02M$15,018,914","$2,422,707106.54M",660.5M NTRN
854,Tether Gold TokensXAUT0Buy,"$4,917.27",0.17%,1.23%,6.60%,"$14.99M$14,991,311","$1,145,980232.90",3.04K XAUT0
855,Luna by VirtualsLUNABuy,$0.01492,0.33%,3.37%,37.98%,"$14.93M$14,927,895","$558,26937.28M",1B LUNA
856,MOBOXMBOXBuy,$0.02990,0.40%,0.50%,5.19%,"$14.96M$14,959,835","$3,576,140119.60M",500.32M MBOX
857,Klever CoinKLVBuy,$0.001672,0.08%,0.09%,16.37%,"$14.85M$14,853,514","$238,466142.04M",8.88B KLV
858,Open LootOLBuy,$0.01902,0.68%,0.57%,6.01%,"$14.88M$14,880,416","$1,940,842101.97M",781.95M OL
859,TreehouseTREEBuy,$0.09498,0.60%,1.05%,9.31%,"$14.83M$14,829,716","$5,681,35859.81M",156.12M TREE
860,FC Porto Fan TokenPORTOBuy,$1.13,0.68%,3.18%,4.07%,"$14.78M$14,775,080","$2,621,4812.30M",12.98M PORTO
861,Helium MobileMOBILEBuy,$0.0001651,0.23%,0.57%,8.87%,"$14.74M$14,742,524","$273,7491.65B",89.28B MOBILE
862,Bertram The PomeranianBERTBuy,$0.01525,0.35%,4.01%,23.74%,"$14.74M$14,744,117","$1,450,81795.13M",966.74M BERT
863,TG CasinoTGCBuy,$0.1871,0.15%,1.19%,1.53%,"$14.67M$14,670,844","$41,646222.52K",78.38M TGC
864,saffron.financeSFIBuy,$159.82,0.17%,2.69%,10.06%,"$14.61M$14,611,488",$2281.42,91.42K SFI
865,RIZERIZEBuy,$0.009517,1.03%,0.66%,2.53%,"$14.51M$14,506,408","$98,04410.24M",1.52B RIZE
866,InitiaINITBuy,$0.08116,0.57%,1.56%,12.26%,"$14.59M$14,587,757","$4,707,91458.09M",179.73M INIT
867,HegicHEGICBuy,$0.02066,0.13%,1.76%,14.34%,"$14.55M$14,545,671",$9439.14,703.72M HEGIC
868,AutonolasOLASBuy,$0.06176,0.02%,2.45%,24.65%,"$14.53M$14,532,713","$255,1934.13M",235.3M OLAS
869,PortalPORTALBuy,$0.01920,0.97%,1.44%,1.88%,"$14.5M$14,497,876","$4,112,126214.22M",755.08M PORTAL
870,NamecoinNMCBuy,$0.9839,0.40%,0.22%,6.81%,"$14.5M$14,499,450","$18,37218.68K",14.73M NMC
871,REDXREDXBuy,$0.003636,0.20%,2.26%,26.05%,"$14.44M$14,443,723","$553,124152.11M",3.97B REDX
872,USDMUSDMBuy,$0.9829,0.36%,0.79%,0.87%,"$14.43M$14,429,398","$231,691235.65K",14.67M USDM
873,Camp NetworkCAMPBuy,$0.006829,1.16%,2.13%,7.87%,"$14.38M$14,380,405","$5,137,411751.09M",2.1B CAMP
874,Hamster KombatHMSTRBuy,$0.0002231,1.19%,1.32%,6.46%,"$14.37M$14,367,100","$4,583,00920.49B",64.37B HMSTR
875,iShares Core US Aggregate Bond Tokenized ETF (Ondo)AGGonBuy,$101.66,0.03%,0.20%,0.32%,"$14.37M$14,374,464","$1,185,57711.66K",141.39K AGGon
876,ScrollSCRBuy,$0.07527,0.47%,0.93%,4.72%,"$14.3M$14,302,539","$3,002,30239.88M",190M SCR
877,MinswapMINBuy,$0.008209,0.73%,2.00%,13.21%,"$14.39M$14,393,669","$196,11024.04M",1.75B MIN
878,BeefyBIFIBuy,$176.40,1.63%,2.98%,10.18%,"$14.11M$14,112,126","$5,646,66731.69K",80K BIFI
879,PlatONLATBuy,$0.002095,0.20%,1.29%,2.34%,"$14.25M$14,251,623","$14,878,9667.10B",6.8B LAT
880,S.S. Lazio Fan TokenLAZIOBuy,$1.07,0.73%,2.06%,4.34%,"$14.18M$14,180,385","$1,968,2321.82M",13.17M LAZIO
881,DEXToolsDEXTBuy,$0.2023,0.16%,2.42%,6.42%,"$14.15M$14,150,247","$34,920172.59K",69.93M DEXT
882,AS Roma Fan TokenASRBuy,$1.73,0.29%,3.17%,7.25%,"$14.08M$14,079,915","$10,230,9805.88M",8.1M ASR
883,McDullMCDULLBuy,$0.051857,0.20%,0.30%,11.87%,"$14.03M$14,030,761","$31,66617.04B",7.55T MCDULL
884,WanchainWANBuy,$0.07032,0.30%,0.13%,4.41%,"$13.98M$13,981,876","$1,517,32121.57M",198.8M WAN
885,Impossible Finance LaunchpadIDIABuy,$0.02043,0.04%,0.21%,2.29%,"$13.9M$13,898,645",$16805.31,680M IDIA
886,TestTSTBuy,$0.01471,1.09%,1.31%,8.88%,"$13.88M$13,882,922","$9,023,249612.58M",943.51M TST
887,StablR EuroEURRBuy,$1.17,0.11%,0.24%,0.92%,"$13.92M$13,916,349","$6,803,8195.81M",11.88M EURR
888,ULTILANDARTXBuy,$0.3268,0.18%,25.55%,36.36%,"$13.86M$13,857,276","$18,378,54556.22M",42.4M ARTX
889,Manyu (manyushiba.com)MANYUBuy,$0.071385,3.42%,11.87%,27.16%,"$13.86M$13,855,476","$5,321,230384.05T",1P MANYU
890,Sport.FunFUNBuy,$0.07767,1.52%,18.57%,1.58%,"$13.83M$13,825,274","$18,931,648245.22M",178M FUN
891,Assemble AIASMBuy,$0.009108,0.65%,2.67%,11.71%,"$13.66M$13,663,008","$1,809,146197.53M",1.5B ASM
892,MorphwareXMWBuy,$0.01665,1.03%,3.58%,23.40%,"$13.72M$13,715,125","$282,13116.94M",823.7M XMW
893,TalusUSBuy,$0.006263,0.53%,12.05%,1.96%,"$13.78M$13,778,644","$15,816,8222.53B",2.2B US
894,Toko TokenTKOBuy,$0.08092,0.30%,0.79%,6.52%,"$13.73M$13,725,205","$1,304,62916.13M",169.59M TKO
895,DevveDEVVEBuy,$0.1420,0.24%,2.79%,7.15%,"$13.7M$13,696,833","$447,6563.15M",96.44M DEVVE
896,SplendorSPLDBuy,$0.3056,0.24%,2.36%,10.74%,"$13.66M$13,663,140","$388,6151.27M",44.7M SPLD
897,EnzymeMLNBuy,$4.56,0.70%,0.17%,7.97%,"$13.64M$13,643,370","$3,084,273675.02K",2.98M MLN
898,AhaTokenAHTBuy,$0.001892,0.39%,1.28%,3.20%,"$13.65M$13,646,467","$90,51547.81M",7.21B AHT
899,XSGDXSGDBuy,$0.7805,0.03%,0.15%,0.43%,"$13.6M$13,597,591","$397,939509.87K",17.42M XSGD
900,AdExADXBuy,$0.09191,0.67%,1.12%,2.02%,"$13.59M$13,594,022","$8,341,28990.79M",147.9M ADX
901,NetXNETXBuy,$0.6942,1.73%,5.55%,4.52%,"$13.58M$13,575,694","$195,800282.30K",19.55M NETX
902,iShares Gold Trust Tokenized ETF (Ondo)IAUonBuy,$92.61,0.22%,1.47%,6.55%,"$13.56M$13,563,233","$5,073,79754.79K",146.44K IAUon
903,Joe coinJOEBuy,$0.01351,0.01%,0.49%,18.04%,"$13.52M$13,517,149","$6,108451.94K",1B JOE
904,MCOINMCOINBuy,$0.07626,0.31%,0.05%,2.19%,"$13.5M$13,498,699","$334,4844.38M",177M MCOIN
905,ChainbountyBOUNTYBuy,$0.02644,0.16%,4.49%,9.80%,"$13.45M$13,446,798","$2,819,273106.59M",508.39M BOUNTY
906,AbelianABELBuy,$0.1204,0.18%,1.81%,14.69%,"$13.44M$13,444,915","$85,177707.07K",111.6M ABEL
907,SyncGPTSYNCBuy,$0.06708,0.01%,0.03%,0.07%,"$13.42M$13,417,477",--,200M SYNC
908,Infinity GroundAINBuy,$0.04881,0.36%,3.90%,5.95%,"$13.41M$13,405,675","$3,889,69879.68M",274.62M AIN
909,Bitcoin GoldBTGBuy,$0.7648,0.83%,60.01%,40.20%,"$13.4M$13,395,229","$2,4223.16K",17.51M BTG
910,AlephiumALPHBuy,$0.1093,1.65%,3.63%,3.42%,"$13.38M$13,375,738","$259,9492.37M",122.32M ALPH
911,TutorialTUTBuy,$0.01598,0.88%,0.16%,0.15%,"$13.37M$13,369,989","$3,347,384209.35M",836.18M TUT
912,HemiHEMIBuy,$0.01361,0.98%,0.11%,16.87%,"$13.31M$13,311,282","$6,604,825485.01M",977.5M HEMI
913,NATIX NetworkNATIXBuy,$0.0003277,1.57%,23.30%,19.68%,"$13.31M$13,309,648","$618,0641.88B",40.6B NATIX
914,Redbelly NetworkRBNTBuy,$0.005535,0.02%,2.60%,13.81%,"$13.3M$13,302,404","$203,09636.69M",2.4B RBNT
915,Landwolf 0x67WOLFBuy,$0.00001473,0.18%,0.23%,23.92%,"$13.3M$13,296,828","$887,60360.22B",902.15B WOLF
916,EnsoENSOBuy,$0.6452,3.19%,16.43%,1.37%,"$13.29M$13,285,035","$41,601,71464.47M",20.59M ENSO
917,The Official 67 Coin67Buy,$0.01328,4.01%,3.27%,62.06%,"$13.28M$13,280,942","$3,853,026290.02M",999.68M 67
918,MicroStrategy tokenized stock (xStock)MSTRXBuy,$161.61,0.60%,1.64%,7.74%,"$13.27M$13,268,187","$3,970,34324.56K",82.09K MSTRX
919,PepeCoinPEPECOINBuy,$0.1237,0.14%,0.63%,17.86%,"$13.25M$13,252,028","$253,0062.04M",107.05M PEPECOIN
920,SplintershardsSPSBuy,$0.008269,0.01%,3.08%,0.44%,"$12.98M$12,983,733","$21,3002.57M",1.57B SPS
921,Layer3L3Buy,$0.01289,0.82%,4.14%,4.73%,"$12.94M$12,942,980","$7,118,346551.88M",1B L3
922,InfraredIRBuy,$0.06312,0.82%,3.02%,17.29%,"$12.94M$12,940,680","$148,710,6962.35B",205M IR
923,Kyuzo's FriendsKOBuy,$0.05890,1.91%,14.93%,59.62%,"$12.81M$12,812,575","$705,30811.87M",217.5M KO
924,BubblemapsBMTBuy,$0.02279,0.24%,0.41%,8.61%,"$12.85M$12,849,287","$5,546,425243.36M",563.69M BMT
925,NFPromptNFPBuy,$0.02498,0.63%,0.28%,5.17%,"$12.76M$12,763,147","$4,601,908184.13M",510.93M NFP
926,Gleec CoinGLEECBuy,$0.06997,0.08%,21.37%,4.17%,"$12.72M$12,717,766","$5,26575.25K",181.75M GLEEC
927,Humans.aiHEARTBuy,$0.001623,0.23%,0.32%,6.24%,"$12.66M$12,662,181","$165,563101.86M",7.8B HEART
928,X EmpireXBuy,$0.00001836,0.07%,1.69%,4.27%,"$12.67M$12,668,614","$438,37423.88B",690B X
929,FortaFORTBuy,$0.02010,0.20%,0.88%,4.76%,"$12.65M$12,653,021","$356,39617.71M",629.25M FORT
930,TAC ProtocolTACBuy,$0.004716,0.04%,8.06%,13.80%,"$12.61M$12,611,319","$3,072,736649.70M",2.67B TAC
931,RAMPRAMPBuy,$0.02646,0.63%,1.68%,8.20%,"$12.65M$12,645,173",$48218.20K,477.83M RAMP
932,WojakWOJAKBuy,$0.01259,2.85%,9.90%,39.66%,"$12.6M$12,597,709","$2,053,748163.54M",999.95M WOJAK
933,DODODODOBuy,$0.01728,0.78%,0.53%,5.41%,"$12.55M$12,545,346","$2,062,884119.24M",725.7M DODO
934,ColossusXTCOLXBuy,$0.0009845,0.00%,0.00%,0.00%,"$12.54M$12,536,278",--,12.73B COLX
935,VameonVONBuy,$0.00002505,0.18%,1.21%,51.41%,"$12.53M$12,528,704","$351,35214.03B",500B VON
936,ZerebroZEREBROBuy,$0.01247,0.51%,1.50%,27.54%,"$12.48M$12,476,331","$3,729,504298.96M",999.95M ZEREBRO
937,KlerosPNKBuy,$0.01547,0.74%,4.55%,7.17%,"$12.46M$12,463,636","$134,5758.69M",805.29M PNK
938,Access ProtocolACSBuy,$0.0002740,0.37%,0.67%,9.61%,"$12.43M$12,430,775","$681,5302.48B",45.35B ACS
939,Neon EVMNEONBuy,$0.05188,0.93%,2.03%,12.26%,"$12.42M$12,424,196","$890,91417.19M",239.46M NEON
940,Openverse NetworkBTGBuy,$6.46,0.07%,3.56%,4.27%,"$12.28M$12,278,744","$34,518,3845.34M",1.9M BTG
941,NosanaNOSBuy,$0.2543,0.04%,13.04%,16.22%,"$12.26M$12,261,294","$723,4352.84M",48.19M NOS
942,PinLinkPINBuy,$0.1394,0.72%,7.42%,22.83%,"$12.3M$12,298,390","$455,4873.27M",88.2M PIN
943,TrueFiTRUBuy,$0.008922,0.36%,0.71%,10.71%,"$12.23M$12,227,688","$3,421,788383.12M",1.37B TRU
944,Haedal ProtocolHAEDALBuy,$0.04040,0.64%,0.37%,9.77%,"$12.22M$12,223,590","$4,021,78799.49M",302.5M HAEDAL
945,ASDASDBuy,$0.01849,0.11%,2.25%,0.06%,"$12.22M$12,216,589","$1,192,10264.46M",660.61M ASD
946,GitcoinGTCBuy,$0.1267,0.05%,0.31%,7.46%,"$12.22M$12,215,282","$1,099,8918.67M",96.38M GTC
947,district0xDNTBuy,$0.01213,0.03%,0.57%,7.38%,"$12.13M$12,134,797","$18,5961.52M",1B DNT
948,Heroes of MaviaMAVIABuy,$0.05353,1.85%,0.45%,9.50%,"$12.03M$12,025,660","$3,925,61772.50M",224.63M MAVIA
949,GYENGYENBuy,$0.005752,0.40%,7.69%,0.07%,"$12.07M$12,074,141",$45979.64K,2.09B GYEN
950,Micron Technology Tokenized Stock (Ondo)MUonBuy,$394.87,0.68%,2.50%,15.83%,"$12.1M$12,104,053","$6,407,70016.22K",30.65K MUon
951,Liqwid FinanceLQBuy,$0.5966,0.63%,1.48%,9.17%,"$12.02M$12,017,297","$95,136159.50K",20.14M LQ
952,DefigramDFGBuy,$1.20,0.01%,0.01%,0.04%,"$12M$12,004,839",--,10M DFG
953,SwarmsSWARMSBuy,$0.01196,0.85%,0.13%,13.72%,"$11.96M$11,961,621","$1,860,352155.16M",999.98M SWARMS
954,THORWalletTITNBuy,$0.2819,1.19%,14.10%,2.18%,"$11.98M$11,982,883","$3,516,10512.48M",42.5M TITN
955,BFG TokenBFGBuy,$0.01065,0.11%,0.09%,1.64%,"$11.96M$11,960,351","$10,528988.31K",1.12B BFG
956,AcetACTBuy,$0.009465,5.41%,5.63%,1.42%,"$11.91M$11,908,248","$18,3341.93M",1.25B ACT
957,RoamROAMBuy,$0.03517,0.26%,3.63%,18.90%,"$11.84M$11,838,090","$1,454,66041.27M",336.57M ROAM
958,MansoryMNSRYBuy,$0.01315,0.26%,1.46%,8.47%,"$11.84M$11,843,619","$385,85829.32M",899.98M MNSRY
959,AspectaASPBuy,$0.04397,0.06%,0.03%,7.94%,"$11.79M$11,793,745","$1,682,66638.22M",268.18M ASP
960,Harvest FinanceFARMBuy,$17.54,0.55%,0.45%,6.53%,"$11.79M$11,792,939","$972,71655.43K",672.18K FARM
961,MitosisMITOBuy,$0.06502,0.99%,0.46%,6.45%,"$11.79M$11,787,631","$3,820,54358.73M",181.27M MITO
962,Radiant CapitalRDNTBuy,$0.008716,0.96%,1.25%,11.83%,"$11.73M$11,734,777","$2,476,804284.15M",1.34B RDNT
963,LimitlessLMTSBuy,$0.08883,0.22%,0.58%,28.78%,"$11.69M$11,689,920","$3,059,85634.41M",131.59M LMTS
964,FC Barcelona Fan TokenBARBuy,$0.5574,0.17%,0.36%,7.73%,"$11.68M$11,684,620","$2,021,8073.63M",20.95M BAR
965,MamoMAMOBuy,$0.02073,0.43%,2.04%,15.77%,"$11.59M$11,589,851","$570,24427.44M",559.07M MAMO
966,BluefinBLUEBuy,$0.02944,0.43%,1.63%,15.07%,"$11.62M$11,621,892","$4,260,414144.76M",394.65M BLUE
967,Ark of PandaAOPBuy,$0.03318,0.06%,0.50%,2.67%,"$11.62M$11,615,747","$1,218,61536.72M",349.99M AOP
968,RaylsRLSBuy,$0.007730,1.34%,3.53%,16.78%,"$11.6M$11,596,048","$2,622,452339.14M",1.5B RLS
969,BedrockBRBuy,$0.05019,0.35%,5.86%,7.35%,"$11.55M$11,545,169","$1,017,94620.25M",230M BR
970,HeimaHEIBuy,$0.1310,1.01%,7.79%,2.41%,"$11.53M$11,528,206","$15,229,554116.00M",87.99M HEI
971,Paris Saint-Germain Fan TokenPSGBuy,$0.8349,0.21%,1.32%,6.18%,"$11.51M$11,513,819","$1,798,0352.15M",13.78M PSG
972,OORTOORTBuy,$0.01667,0.12%,2.47%,11.28%,"$11.5M$11,501,528","$413,43224.81M",689.77M OORT
973,Avalon Labs (AVL)AVLBuy,$0.07101,0.38%,1.54%,10.01%,"$11.48M$11,482,377","$10,506,340147.61M",161.68M AVL
974,ELYSIAELBuy,$0.002366,0.50%,1.65%,8.88%,"$11.39M$11,385,277","$224,53894.82M",4.81B EL
975,LUKSOLYXBuy,$0.3732,0.13%,4.39%,8.95%,"$11.4M$11,398,159","$602,3701.61M",30.53M LYX
976,PikabossPIKABuy,$0.072698,0.04%,0.01%,10.39%,"$11.35M$11,353,652","$1,81567.24B",420.69T PIKA
977,Fuel NetworkFUELBuy,$0.001607,0.05%,1.24%,0.96%,"$11.31M$11,307,398","$1,988,2111.23B",7.03B FUEL
978,NVIDIA Tokenized Stock (Ondo)NVDAonBuy,$184.59,0.19%,1.89%,2.16%,"$11.26M$11,255,003","$6,989,02737.88K",60.97K NVDAon
979,BitgertBRISEBuy,$0.072825,0.87%,0.60%,5.94%,"$11.18M$11,181,175","$956,70633.68T",395.69T BRISE
980,iShares TIPS Bond Tokenized ETF (Ondo)TIPonBuy,$111.56,0.08%,0.04%,0.43%,"$11.17M$11,173,463","$3,81034.14",100.14K TIPon
981,ZetaZEXBuy,$0.05939,0.14%,0.91%,13.17%,"$11.15M$11,153,192","$196,7773.31M",187.76M ZEX
982,NAVI ProtocolNAVXBuy,$0.01364,0.36%,1.48%,26.11%,"$11.14M$11,138,225","$386,72028.33M",816.16M NAVX
983,OasysOASBuy,$0.001761,0.08%,0.20%,7.99%,"$11.12M$11,121,317","$132,08374.94M",6.31B OAS
984,RealREALBuy,$0.01116,0.40%,2.17%,14.26%,"$11.12M$11,115,152","$384,63034.49M",995.21M REAL
985,OMG NetworkOMGBuy,$0.07918,0.06%,0.49%,4.74%,"$11.11M$11,105,016","$1,798,26922.74M",140.24M OMG
986,AMO CoinAMOBuy,$0.0005219,0.05%,0.78%,7.64%,"$11.07M$11,066,238","$76,899147.30M",21.2B AMO
987,Bella ProtocolBELBuy,$0.1380,0.48%,0.31%,2.24%,"$11.04M$11,040,682","$3,618,29726.19M",80M BEL
988,QIE BlockchainQIEBuy,$0.1308,0.00%,0.31%,7.50%,"$11.04M$11,042,024","$12,81897.95K",84.36M QIE
989,Nakamoto GamesNAKABuy,$0.1159,0.15%,5.66%,27.81%,"$10.99M$10,989,663","$1,545,84313.28M",94.76M NAKA
990,TradoorTRADOORBuy,$0.7664,0.56%,2.09%,35.62%,"$11M$10,997,712","$5,040,2996.56M",14.34M TRADOOR
991,CodattaXNYBuy,$0.004408,1.96%,7.92%,33.00%,"$11.02M$11,021,978","$29,383,6636.68B",2.5B XNY
992,NUMINENUMIBuy,$0.05636,0.08%,2.05%,46.80%,"$10.96M$10,963,983","$799,43514.18M",194.5M NUMI
993,XBorgXBGBuy,$0.04569,0.15%,1.96%,15.83%,"$10.91M$10,905,419","$94,2312.05M",238.67M XBG
994,AxiomeAXMBuy,$0.01793,0.95%,48.83%,95.43%,"$10.86M$10,856,771","$90,5495.03M",605.39M AXM
995,dForceDFBuy,$0.01088,0.38%,0.93%,3.17%,"$10.88M$10,881,826","$980,07390.11M",999.92M DF
996,Arena-ZA2ZBuy,$0.001397,0.45%,0.95%,8.49%,"$10.85M$10,845,238","$7,299,8125.21B",7.75B A2Z
997,VictionVICBuy,$0.08644,0.64%,0.73%,7.40%,"$10.81M$10,805,248","$814,7399.41M",124.99M VIC
998,Hana NetworkHANABuy,$0.02297,0.82%,3.58%,115.04%,"$10.63M$10,627,289","$53,238,9952.30B",462.64M HANA
999,Badger DAOBADGERBuy,$0.5285,0.23%,1.65%,9.37%,"$10.63M$10,634,967","$1,910,2683.61M",20.12M BADGER
1000,APXAPXBuy,$0.2398,0.01%,0.35%,0.77%,"$10.59M$10,589,088",$8903.71K,44.15M APX
